关键词,城市代码,城市,日期,数据类型,数据间隔(天),所属年份,PC+移动指数,移动指数,PC指数,爬取时间
天坛,0,全国,2022-06-01,日度,1,2022,1358,958,400,2026-03-27 22:04:22
天坛,0,全国,2022-06-02,日度,1,2022,1386,938,448,2026-03-27 22:04:22
天坛,0,全国,2022-06-03,日度,1,2022,1299,981,318,2026-03-27 22:04:22
天坛,0,全国,2022-06-04,日度,1,2022,1433,1124,309,2026-03-27 22:04:22
天坛,0,全国,2022-06-05,日度,1,2022,1674,1305,369,2026-03-27 22:04:22
天坛,0,全国,2022-06-06,日度,1,2022,1401,999,402,2026-03-27 22:04:22
天坛,0,全国,2022-06-07,日度,1,2022,1471,1020,451,2026-03-27 22:04:22
天坛,0,全国,2022-06-08,日度,1,2022,1491,1020,471,2026-03-27 22:04:22
天坛,0,全国,2022-06-09,日度,1,2022,1481,1030,451,2026-03-27 22:04:22
天坛,0,全国,2022-06-10,日度,1,2022,1367,937,430,2026-03-27 22:04:22
天坛,0,全国,2022-06-11,日度,1,2022,1327,986,341,2026-03-27 22:04:22
天坛,0,全国,2022-06-12,日度,1,2022,1411,1093,318,2026-03-27 22:04:22
天坛,0,全国,2022-06-13,日度,1,2022,1336,947,389,2026-03-27 22:04:22
天坛,0,全国,2022-06-14,日度,1,2022,1312,932,380,2026-03-27 22:04:22
天坛,0,全国,2022-06-15,日度,1,2022,1255,919,336,2026-03-27 22:04:22
天坛,0,全国,2022-06-16,日度,1,2022,1290,907,383,2026-03-27 22:04:22
天坛,0,全国,2022-06-17,日度,1,2022,1354,890,464,2026-03-27 22:04:22
天坛,0,全国,2022-06-18,日度,1,2022,1160,929,231,2026-03-27 22:04:22
天坛,0,全国,2022-06-19,日度,1,2022,1220,956,264,2026-03-27 22:04:22
天坛,0,全国,2022-06-20,日度,1,2022,1208,890,318,2026-03-27 22:04:22
天坛,0,全国,2022-06-21,日度,1,2022,1207,900,307,2026-03-27 22:04:22
天坛,0,全国,2022-06-22,日度,1,2022,1207,894,313,2026-03-27 22:04:22
天坛,0,全国,2022-06-23,日度,1,2022,1196,889,307,2026-03-27 22:04:22
天坛,0,全国,2022-06-24,日度,1,2022,1208,881,327,2026-03-27 22:04:22
天坛,0,全国,2022-06-25,日度,1,2022,1105,896,209,2026-03-27 22:04:22
天坛,0,全国,2022-06-26,日度,1,2022,1197,946,251,2026-03-27 22:04:22
天坛,0,全国,2022-06-27,日度,1,2022,1239,909,330,2026-03-27 22:04:22
天坛,0,全国,2022-06-28,日度,1,2022,1182,883,299,2026-03-27 22:04:22
天坛,0,全国,2022-06-29,日度,1,2022,1173,883,290,2026-03-27 22:04:22
天坛,0,全国,2022-06-30,日度,1,2022,1204,864,340,2026-03-27 22:04:22
天坛,0,全国,2022-07-01,日度,1,2022,1166,882,284,2026-03-27 22:04:22
天坛,0,全国,2022-07-02,日度,1,2022,1138,918,220,2026-03-27 22:04:22
天坛,0,全国,2022-07-03,日度,1,2022,1135,910,225,2026-03-27 22:04:22
天坛,0,全国,2022-07-04,日度,1,2022,1158,859,299,2026-03-27 22:04:22
天坛,0,全国,2022-07-05,日度,1,2022,1205,875,330,2026-03-27 22:04:22
天坛,0,全国,2022-07-06,日度,1,2022,1189,879,310,2026-03-27 22:04:22
天坛,0,全国,2022-07-07,日度,1,2022,1174,865,309,2026-03-27 22:04:22
天坛,0,全国,2022-07-08,日度,1,2022,1208,872,336,2026-03-27 22:04:22
天坛,0,全国,2022-07-09,日度,1,2022,1163,923,240,2026-03-27 22:04:22
天坛,0,全国,2022-07-10,日度,1,2022,1152,943,209,2026-03-27 22:04:22
天坛,0,全国,2022-07-11,日度,1,2022,1201,897,304,2026-03-27 22:04:22
天坛,0,全国,2022-07-12,日度,1,2022,1186,879,307,2026-03-27 22:04:22
天坛,0,全国,2022-07-13,日度,1,2022,1264,909,355,2026-03-27 22:04:22
天坛,0,全国,2022-07-14,日度,1,2022,1216,912,304,2026-03-27 22:04:22
天坛,0,全国,2022-07-15,日度,1,2022,1262,922,340,2026-03-27 22:04:22
天坛,0,全国,2022-07-16,日度,1,2022,1195,976,219,2026-03-27 22:04:22
天坛,0,全国,2022-07-17,日度,1,2022,1157,953,204,2026-03-27 22:04:22
天坛,0,全国,2022-07-18,日度,1,2022,1246,920,326,2026-03-27 22:04:22
天坛,0,全国,2022-07-19,日度,1,2022,1311,937,374,2026-03-27 22:04:22
天坛,0,全国,2022-07-20,日度,1,2022,1278,921,357,2026-03-27 22:04:22
天坛,0,全国,2022-07-21,日度,1,2022,1317,925,392,2026-03-27 22:04:22
天坛,0,全国,2022-07-22,日度,1,2022,1298,937,361,2026-03-27 22:04:22
天坛,0,全国,2022-07-23,日度,1,2022,1223,987,236,2026-03-27 22:04:22
天坛,0,全国,2022-07-24,日度,1,2022,1162,962,200,2026-03-27 22:04:22
天坛,0,全国,2022-07-25,日度,1,2022,1259,929,330,2026-03-27 22:04:22
天坛,0,全国,2022-07-26,日度,1,2022,1344,978,366,2026-03-27 22:04:22
天坛,0,全国,2022-07-27,日度,1,2022,1331,960,371,2026-03-27 22:04:22
天坛,0,全国,2022-07-28,日度,1,2022,1352,992,360,2026-03-27 22:04:22
天坛,0,全国,2022-07-29,日度,1,2022,1388,1016,372,2026-03-27 22:04:22
天坛,0,全国,2022-07-30,日度,1,2022,1614,1341,273,2026-03-27 22:04:22
天坛,0,全国,2022-07-31,日度,1,2022,1460,1201,259,2026-03-27 22:04:22
天坛,0,全国,2022-08-01,日度,1,2022,1346,974,372,2026-03-27 22:04:22
天坛,0,全国,2022-08-02,日度,1,2022,1329,991,338,2026-03-27 22:04:22
天坛,0,全国,2022-08-03,日度,1,2022,1379,977,402,2026-03-27 22:04:22
天坛,0,全国,2022-08-04,日度,1,2022,1261,943,318,2026-03-27 22:04:22
天坛,0,全国,2022-08-05,日度,1,2022,1299,984,315,2026-03-27 22:04:22
天坛,0,全国,2022-08-06,日度,1,2022,1313,1087,226,2026-03-27 22:04:22
天坛,0,全国,2022-08-07,日度,1,2022,1290,1053,237,2026-03-27 22:04:22
天坛,0,全国,2022-08-08,日度,1,2022,1350,987,363,2026-03-27 22:04:22
天坛,0,全国,2022-08-09,日度,1,2022,1450,1067,383,2026-03-27 22:04:22
天坛,0,全国,2022-08-10,日度,1,2022,1471,1086,385,2026-03-27 22:04:22
天坛,0,全国,2022-08-11,日度,1,2022,1507,1091,416,2026-03-27 22:04:22
天坛,0,全国,2022-08-12,日度,1,2022,1538,1116,422,2026-03-27 22:04:22
天坛,0,全国,2022-08-13,日度,1,2022,1649,1356,293,2026-03-27 22:04:22
天坛,0,全国,2022-08-14,日度,1,2022,1433,1163,270,2026-03-27 22:04:22
天坛,0,全国,2022-08-15,日度,1,2022,1434,1023,411,2026-03-27 22:04:22
天坛,0,全国,2022-08-16,日度,1,2022,1472,1060,412,2026-03-27 22:04:22
天坛,0,全国,2022-08-17,日度,1,2022,1465,995,470,2026-03-27 22:04:22
天坛,0,全国,2022-08-18,日度,1,2022,1418,967,451,2026-03-27 22:04:22
天坛,0,全国,2022-08-19,日度,1,2022,1422,1016,406,2026-03-27 22:04:22
天坛,0,全国,2022-08-20,日度,1,2022,1533,1224,309,2026-03-27 22:04:22
天坛,0,全国,2022-08-21,日度,1,2022,1476,1146,330,2026-03-27 22:04:22
天坛,0,全国,2022-08-22,日度,1,2022,1373,973,400,2026-03-27 22:04:22
天坛,0,全国,2022-08-23,日度,1,2022,1375,992,383,2026-03-27 22:04:22
天坛,0,全国,2022-08-24,日度,1,2022,1342,981,361,2026-03-27 22:04:22
天坛,0,全国,2022-08-25,日度,1,2022,1377,991,386,2026-03-27 22:04:22
天坛,0,全国,2022-08-26,日度,1,2022,1431,1005,426,2026-03-27 22:04:22
天坛,0,全国,2022-08-27,日度,1,2022,1669,1319,350,2026-03-27 22:04:22
天坛,0,全国,2022-08-28,日度,1,2022,1402,1112,290,2026-03-27 22:04:22
天坛,0,全国,2022-08-29,日度,1,2022,1448,989,459,2026-03-27 22:04:22
天坛,0,全国,2022-08-30,日度,1,2022,1564,1088,476,2026-03-27 22:04:22
天坛,0,全国,2022-08-31,日度,1,2022,1484,1039,445,2026-03-27 22:04:22
天坛,0,全国,2022-09-01,日度,1,2022,1353,944,409,2026-03-27 22:04:22
天坛,0,全国,2022-09-02,日度,1,2022,1389,946,443,2026-03-27 22:04:22
天坛,0,全国,2022-09-03,日度,1,2022,1363,1082,281,2026-03-27 22:04:22
天坛,0,全国,2022-09-04,日度,1,2022,1374,1069,305,2026-03-27 22:04:22
天坛,0,全国,2022-09-05,日度,1,2022,1422,977,445,2026-03-27 22:04:22
天坛,0,全国,2022-09-06,日度,1,2022,1385,985,400,2026-03-27 22:04:22
天坛,0,全国,2022-09-07,日度,1,2022,1479,1051,428,2026-03-27 22:04:22
天坛,0,全国,2022-09-08,日度,1,2022,1441,984,457,2026-03-27 22:04:22
天坛,0,全国,2022-09-09,日度,1,2022,1366,983,383,2026-03-27 22:04:22
天坛,0,全国,2022-09-10,日度,1,2022,1702,1432,270,2026-03-27 22:04:22
天坛,0,全国,2022-09-11,日度,1,2022,1929,1636,293,2026-03-27 22:04:22
天坛,0,全国,2022-09-12,日度,1,2022,1993,1635,358,2026-03-27 22:04:22
天坛,0,全国,2022-09-13,日度,1,2022,1435,990,445,2026-03-27 22:04:22
天坛,0,全国,2022-09-14,日度,1,2022,1483,998,485,2026-03-27 22:04:22
天坛,0,全国,2022-09-15,日度,1,2022,1447,994,453,2026-03-27 22:04:22
天坛,0,全国,2022-09-16,日度,1,2022,1364,952,412,2026-03-27 22:04:22
天坛,0,全国,2022-09-17,日度,1,2022,1672,1362,310,2026-03-27 22:04:22
天坛,0,全国,2022-09-18,日度,1,2022,1909,1534,375,2026-03-27 22:04:22
天坛,0,全国,2022-09-19,日度,1,2022,1460,998,462,2026-03-27 22:04:22
天坛,0,全国,2022-09-20,日度,1,2022,1530,1049,481,2026-03-27 22:04:22
天坛,0,全国,2022-09-21,日度,1,2022,1579,1089,490,2026-03-27 22:04:22
天坛,0,全国,2022-09-22,日度,1,2022,1573,1100,473,2026-03-27 22:04:22
天坛,0,全国,2022-09-23,日度,1,2022,1631,1127,504,2026-03-27 22:04:22
天坛,0,全国,2022-09-24,日度,1,2022,2188,1830,358,2026-03-27 22:04:22
天坛,0,全国,2022-09-25,日度,1,2022,2441,2033,408,2026-03-27 22:04:22
天坛,0,全国,2022-09-26,日度,1,2022,1852,1288,564,2026-03-27 22:04:22
天坛,0,全国,2022-09-27,日度,1,2022,1934,1379,555,2026-03-27 22:04:22
天坛,0,全国,2022-09-28,日度,1,2022,2113,1514,599,2026-03-27 22:04:22
天坛,0,全国,2022-09-29,日度,1,2022,2065,1448,617,2026-03-27 22:04:22
天坛,0,全国,2022-09-30,日度,1,2022,2331,1618,713,2026-03-27 22:04:22
天坛,0,全国,2022-10-01,日度,1,2022,3010,2605,405,2026-03-27 22:04:22
天坛,0,全国,2022-10-02,日度,1,2022,2588,2227,361,2026-03-27 22:04:22
天坛,0,全国,2022-10-03,日度,1,2022,2478,2069,409,2026-03-27 22:04:22
天坛,0,全国,2022-10-04,日度,1,2022,2774,2369,405,2026-03-27 22:04:22
天坛,0,全国,2022-10-05,日度,1,2022,2883,2429,454,2026-03-27 22:04:22
天坛,0,全国,2022-10-06,日度,1,2022,2929,2458,471,2026-03-27 22:04:22
天坛,0,全国,2022-10-07,日度,1,2022,3061,2568,493,2026-03-27 22:04:22
天坛,0,全国,2022-10-08,日度,1,2022,1601,1224,377,2026-03-27 22:04:22
天坛,0,全国,2022-10-09,日度,1,2022,1471,1018,453,2026-03-27 22:04:22
天坛,0,全国,2022-10-10,日度,1,2022,1413,997,416,2026-03-27 22:04:22
天坛,0,全国,2022-10-11,日度,1,2022,1381,1029,352,2026-03-27 22:04:22
天坛,0,全国,2022-10-12,日度,1,2022,1488,1089,399,2026-03-27 22:04:22
天坛,0,全国,2022-10-13,日度,1,2022,1577,1166,411,2026-03-27 22:04:22
天坛,0,全国,2022-10-14,日度,1,2022,1397,994,403,2026-03-27 22:04:22
天坛,0,全国,2022-10-15,日度,1,2022,1596,1263,333,2026-03-27 22:04:22
天坛,0,全国,2022-10-16,日度,1,2022,1705,1359,346,2026-03-27 22:04:22
天坛,0,全国,2022-10-17,日度,1,2022,1534,1083,451,2026-03-27 22:04:22
天坛,0,全国,2022-10-18,日度,1,2022,1511,1077,434,2026-03-27 22:04:22
天坛,0,全国,2022-10-19,日度,1,2022,1447,1031,416,2026-03-27 22:04:22
天坛,0,全国,2022-10-20,日度,1,2022,1421,1022,399,2026-03-27 22:04:22
天坛,0,全国,2022-10-21,日度,1,2022,1407,981,426,2026-03-27 22:04:22
天坛,0,全国,2022-10-22,日度,1,2022,1554,1267,287,2026-03-27 22:04:22
天坛,0,全国,2022-10-23,日度,1,2022,1819,1481,338,2026-03-27 22:04:22
天坛,0,全国,2022-10-24,日度,1,2022,1414,997,417,2026-03-27 22:04:22
天坛,0,全国,2022-10-25,日度,1,2022,1438,993,445,2026-03-27 22:04:22
天坛,0,全国,2022-10-26,日度,1,2022,1378,983,395,2026-03-27 22:04:22
天坛,0,全国,2022-10-27,日度,1,2022,1366,977,389,2026-03-27 22:04:22
天坛,0,全国,2022-10-28,日度,1,2022,1381,972,409,2026-03-27 22:04:22
天坛,0,全国,2022-10-29,日度,1,2022,1366,1102,264,2026-03-27 22:04:22
天坛,0,全国,2022-10-30,日度,1,2022,1218,1104,114,2026-03-27 22:04:22
天坛,0,全国,2022-10-31,日度,1,2022,1338,963,375,2026-03-27 22:04:22
天坛,0,全国,2022-11-01,日度,1,2022,1313,947,366,2026-03-27 22:04:22
天坛,0,全国,2022-11-02,日度,1,2022,1323,954,369,2026-03-27 22:04:22
天坛,0,全国,2022-11-03,日度,1,2022,1386,967,419,2026-03-27 22:04:22
天坛,0,全国,2022-11-04,日度,1,2022,1360,955,405,2026-03-27 22:04:22
天坛,0,全国,2022-11-05,日度,1,2022,1422,1149,273,2026-03-27 22:04:22
天坛,0,全国,2022-11-06,日度,1,2022,1368,1042,326,2026-03-27 22:04:22
天坛,0,全国,2022-11-07,日度,1,2022,1303,943,360,2026-03-27 22:04:22
天坛,0,全国,2022-11-08,日度,1,2022,1277,958,319,2026-03-27 22:04:22
天坛,0,全国,2022-11-09,日度,1,2022,1618,1257,361,2026-03-27 22:04:22
天坛,0,全国,2022-11-10,日度,1,2022,2554,2148,406,2026-03-27 22:04:22
天坛,0,全国,2022-11-11,日度,1,2022,1215,910,305,2026-03-27 22:04:22
天坛,0,全国,2022-11-12,日度,1,2022,1221,965,256,2026-03-27 22:04:22
天坛,0,全国,2022-11-13,日度,1,2022,1341,1062,279,2026-03-27 22:04:22
天坛,0,全国,2022-11-14,日度,1,2022,1369,1011,358,2026-03-27 22:04:22
天坛,0,全国,2022-11-15,日度,1,2022,1319,959,360,2026-03-27 22:04:22
天坛,0,全国,2022-11-16,日度,1,2022,1317,970,347,2026-03-27 22:04:22
天坛,0,全国,2022-11-17,日度,1,2022,1363,986,377,2026-03-27 22:04:22
天坛,0,全国,2022-11-18,日度,1,2022,1341,955,386,2026-03-27 22:04:22
天坛,0,全国,2022-11-19,日度,1,2022,1289,994,295,2026-03-27 22:04:22
天坛,0,全国,2022-11-20,日度,1,2022,1343,1042,301,2026-03-27 22:04:22
天坛,0,全国,2022-11-21,日度,1,2022,1392,1032,360,2026-03-27 22:04:22
天坛,0,全国,2022-11-22,日度,1,2022,1309,1000,309,2026-03-27 22:04:22
天坛,0,全国,2022-11-23,日度,1,2022,1433,1052,381,2026-03-27 22:04:22
天坛,0,全国,2022-11-24,日度,1,2022,1357,1027,330,2026-03-27 22:04:22
天坛,0,全国,2022-11-25,日度,1,2022,1233,926,307,2026-03-27 22:04:22
天坛,0,全国,2022-11-26,日度,1,2022,1210,971,239,2026-03-27 22:04:22
天坛,0,全国,2022-11-27,日度,1,2022,1277,989,288,2026-03-27 22:04:22
天坛,0,全国,2022-11-28,日度,1,2022,1328,993,335,2026-03-27 22:04:22
天坛,0,全国,2022-11-29,日度,1,2022,1366,972,394,2026-03-27 22:04:22
天坛,0,全国,2022-11-30,日度,1,2022,1314,973,341,2026-03-27 22:04:22
天坛,0,全国,2022-12-01,日度,1,2022,1305,950,355,2026-03-27 22:04:22
天坛,0,全国,2022-12-02,日度,1,2022,1213,909,304,2026-03-27 22:04:22
天坛,0,全国,2022-12-03,日度,1,2022,1192,955,237,2026-03-27 22:04:22
天坛,0,全国,2022-12-04,日度,1,2022,1254,967,287,2026-03-27 22:04:22
天坛,0,全国,2022-12-05,日度,1,2022,1266,957,309,2026-03-27 22:04:22
天坛,0,全国,2022-12-06,日度,1,2022,1271,962,309,2026-03-27 22:04:22
天坛,0,全国,2022-12-07,日度,1,2022,1244,942,302,2026-03-27 22:04:22
天坛,0,全国,2022-12-08,日度,1,2022,1250,937,313,2026-03-27 22:04:22
天坛,0,全国,2022-12-09,日度,1,2022,1196,880,316,2026-03-27 22:04:22
天坛,0,全国,2022-12-10,日度,1,2022,1132,901,231,2026-03-27 22:04:22
天坛,0,全国,2022-12-11,日度,1,2022,1174,938,236,2026-03-27 22:04:22
天坛,0,全国,2022-12-12,日度,1,2022,1184,871,313,2026-03-27 22:04:22
天坛,0,全国,2022-12-13,日度,1,2022,1171,880,291,2026-03-27 22:04:22
天坛,0,全国,2022-12-14,日度,1,2022,1094,866,228,2026-03-27 22:04:22
天坛,0,全国,2022-12-15,日度,1,2022,1137,861,276,2026-03-27 22:04:22
天坛,0,全国,2022-12-16,日度,1,2022,1140,867,273,2026-03-27 22:04:22
天坛,0,全国,2022-12-17,日度,1,2022,1067,855,212,2026-03-27 22:04:22
天坛,0,全国,2022-12-18,日度,1,2022,1053,860,193,2026-03-27 22:04:22
天坛,0,全国,2022-12-19,日度,1,2022,1103,853,250,2026-03-27 22:04:22
天坛,0,全国,2022-12-20,日度,1,2022,1108,869,239,2026-03-27 22:04:22
天坛,0,全国,2022-12-21,日度,1,2022,1098,859,239,2026-03-27 22:04:22
天坛,0,全国,2022-12-22,日度,1,2022,1171,901,270,2026-03-27 22:04:22
天坛,0,全国,2022-12-23,日度,1,2022,1077,844,233,2026-03-27 22:04:22
天坛,0,全国,2022-12-24,日度,1,2022,1071,860,211,2026-03-27 22:04:22
天坛,0,全国,2022-12-25,日度,1,2022,1062,858,204,2026-03-27 22:04:22
天坛,0,全国,2022-12-26,日度,1,2022,1119,879,240,2026-03-27 22:04:22
天坛,0,全国,2022-12-27,日度,1,2022,1153,894,259,2026-03-27 22:04:22
天坛,0,全国,2022-12-28,日度,1,2022,1205,893,312,2026-03-27 22:04:22
天坛,0,全国,2022-12-29,日度,1,2022,1180,893,287,2026-03-27 22:04:22
天坛,0,全国,2022-12-30,日度,1,2022,1186,890,296,2026-03-27 22:04:22
天坛,0,全国,2022-12-31,日度,1,2022,1155,942,213,2026-03-27 22:04:22
天坛,0,全国,2023-01-01,日度,1,2023,1141,971,170,2026-03-27 22:04:22
天坛,0,全国,2023-01-02,日度,1,2023,1181,956,225,2026-03-27 22:04:22
天坛,0,全国,2023-01-03,日度,1,2023,1223,916,307,2026-03-27 22:04:22
天坛,0,全国,2023-01-04,日度,1,2023,1169,904,265,2026-03-27 22:04:22
天坛,0,全国,2023-01-05,日度,1,2023,1231,910,321,2026-03-27 22:04:22
天坛,0,全国,2023-01-06,日度,1,2023,1197,926,271,2026-03-27 22:04:22
天坛,0,全国,2023-01-07,日度,1,2023,1156,958,198,2026-03-27 22:04:22
天坛,0,全国,2023-01-08,日度,1,2023,1202,982,220,2026-03-27 22:04:22
天坛,0,全国,2023-01-09,日度,1,2023,1252,922,330,2026-03-27 22:04:22
天坛,0,全国,2023-01-10,日度,1,2023,1278,942,336,2026-03-27 22:04:22
天坛,0,全国,2023-01-11,日度,1,2023,1272,942,330,2026-03-27 22:04:22
天坛,0,全国,2023-01-12,日度,1,2023,1253,938,315,2026-03-27 22:04:22
天坛,0,全国,2023-01-13,日度,1,2023,1238,964,274,2026-03-27 22:04:22
天坛,0,全国,2023-01-14,日度,1,2023,1143,956,187,2026-03-27 22:04:22
天坛,0,全国,2023-01-15,日度,1,2023,1197,954,243,2026-03-27 22:04:22
天坛,0,全国,2023-01-16,日度,1,2023,1232,944,288,2026-03-27 22:04:22
天坛,0,全国,2023-01-17,日度,1,2023,1223,938,285,2026-03-27 22:04:22
天坛,0,全国,2023-01-18,日度,1,2023,1224,945,279,2026-03-27 22:04:22
天坛,0,全国,2023-01-19,日度,1,2023,1199,939,260,2026-03-27 22:04:22
天坛,0,全国,2023-01-20,日度,1,2023,1152,947,205,2026-03-27 22:04:22
天坛,0,全国,2023-01-21,日度,1,2023,1073,918,155,2026-03-27 22:04:22
天坛,0,全国,2023-01-22,日度,1,2023,1598,1411,187,2026-03-27 22:04:22
天坛,0,全国,2023-01-23,日度,1,2023,1545,1358,187,2026-03-27 22:04:22
天坛,0,全国,2023-01-24,日度,1,2023,1748,1557,191,2026-03-27 22:04:22
天坛,0,全国,2023-01-25,日度,1,2023,2007,1799,208,2026-03-27 22:04:22
天坛,0,全国,2023-01-26,日度,1,2023,1974,1809,165,2026-03-27 22:04:22
天坛,0,全国,2023-01-27,日度,1,2023,1755,1539,216,2026-03-27 22:04:22
天坛,0,全国,2023-01-28,日度,1,2023,1855,1520,335,2026-03-27 22:04:22
天坛,0,全国,2023-01-29,日度,1,2023,1735,1375,360,2026-03-27 22:04:22
天坛,0,全国,2023-01-30,日度,1,2023,1692,1287,405,2026-03-27 22:04:22
天坛,0,全国,2023-01-31,日度,1,2023,1833,1467,366,2026-03-27 22:04:22
天坛,0,全国,2023-02-01,日度,1,2023,1759,1331,428,2026-03-27 22:04:22
天坛,0,全国,2023-02-02,日度,1,2023,1732,1326,406,2026-03-27 22:04:22
天坛,0,全国,2023-02-03,日度,1,2023,1863,1486,377,2026-03-27 22:04:22
天坛,0,全国,2023-02-04,日度,1,2023,2091,1815,276,2026-03-27 22:04:22
天坛,0,全国,2023-02-05,日度,1,2023,1985,1718,267,2026-03-27 22:04:22
天坛,0,全国,2023-02-06,日度,1,2023,1667,1211,456,2026-03-27 22:04:22
天坛,0,全国,2023-02-07,日度,1,2023,1794,1267,527,2026-03-27 22:04:22
天坛,0,全国,2023-02-08,日度,1,2023,1826,1373,453,2026-03-27 22:04:22
天坛,0,全国,2023-02-09,日度,1,2023,1727,1268,459,2026-03-27 22:04:22
天坛,0,全国,2023-02-10,日度,1,2023,1944,1387,557,2026-03-27 22:04:22
天坛,0,全国,2023-02-11,日度,1,2023,2137,1793,344,2026-03-27 22:04:22
天坛,0,全国,2023-02-12,日度,1,2023,1826,1457,369,2026-03-27 22:04:22
天坛,0,全国,2023-02-13,日度,1,2023,1816,1390,426,2026-03-27 22:04:22
天坛,0,全国,2023-02-14,日度,1,2023,1920,1458,462,2026-03-27 22:04:22
天坛,0,全国,2023-02-15,日度,1,2023,1978,1559,419,2026-03-27 22:04:22
天坛,0,全国,2023-02-16,日度,1,2023,2086,1632,454,2026-03-27 22:04:22
天坛,0,全国,2023-02-17,日度,1,2023,1929,1506,423,2026-03-27 22:04:22
天坛,0,全国,2023-02-18,日度,1,2023,2146,1831,315,2026-03-27 22:04:22
天坛,0,全国,2023-02-19,日度,1,2023,2679,2374,305,2026-03-27 22:04:22
天坛,0,全国,2023-02-20,日度,1,2023,2033,1552,481,2026-03-27 22:04:22
天坛,0,全国,2023-02-21,日度,1,2023,2104,1580,524,2026-03-27 22:04:22
天坛,0,全国,2023-02-22,日度,1,2023,2217,1640,577,2026-03-27 22:04:22
天坛,0,全国,2023-02-23,日度,1,2023,2065,1587,478,2026-03-27 22:04:22
天坛,0,全国,2023-02-24,日度,1,2023,2040,1534,506,2026-03-27 22:04:22
天坛,0,全国,2023-02-25,日度,1,2023,2781,2476,305,2026-03-27 22:04:22
天坛,0,全国,2023-02-26,日度,1,2023,2478,2146,332,2026-03-27 22:04:22
天坛,0,全国,2023-02-27,日度,1,2023,1908,1424,484,2026-03-27 22:04:22
天坛,0,全国,2023-02-28,日度,1,2023,1930,1496,434,2026-03-27 22:04:22
天坛,0,全国,2023-03-01,日度,1,2023,1891,1465,426,2026-03-27 22:04:22
天坛,0,全国,2023-03-02,日度,1,2023,1954,1448,506,2026-03-27 22:04:22
天坛,0,全国,2023-03-03,日度,1,2023,1849,1392,457,2026-03-27 22:04:22
天坛,0,全国,2023-03-04,日度,1,2023,2387,2109,278,2026-03-27 22:04:22
天坛,0,全国,2023-03-05,日度,1,2023,2373,2055,318,2026-03-27 22:04:22
天坛,0,全国,2023-03-06,日度,1,2023,1810,1359,451,2026-03-27 22:04:22
天坛,0,全国,2023-03-07,日度,1,2023,1783,1386,397,2026-03-27 22:04:22
天坛,0,全国,2023-03-08,日度,1,2023,1861,1431,430,2026-03-27 22:04:22
天坛,0,全国,2023-03-09,日度,1,2023,1770,1330,440,2026-03-27 22:04:22
天坛,0,全国,2023-03-10,日度,1,2023,1791,1330,461,2026-03-27 22:04:22
天坛,0,全国,2023-03-11,日度,1,2023,2080,1835,245,2026-03-27 22:04:22
天坛,0,全国,2023-03-12,日度,1,2023,2234,1915,319,2026-03-27 22:04:22
天坛,0,全国,2023-03-13,日度,1,2023,1849,1373,476,2026-03-27 22:04:22
天坛,0,全国,2023-03-14,日度,1,2023,1901,1428,473,2026-03-27 22:04:22
天坛,0,全国,2023-03-15,日度,1,2023,1896,1459,437,2026-03-27 22:04:22
天坛,0,全国,2023-03-16,日度,1,2023,2077,1556,521,2026-03-27 22:04:22
天坛,0,全国,2023-03-17,日度,1,2023,1958,1471,487,2026-03-27 22:04:22
天坛,0,全国,2023-03-18,日度,1,2023,2919,2564,355,2026-03-27 22:04:22
天坛,0,全国,2023-03-19,日度,1,2023,2655,2332,323,2026-03-27 22:04:22
天坛,0,全国,2023-03-20,日度,1,2023,2076,1555,521,2026-03-27 22:04:22
天坛,0,全国,2023-03-21,日度,1,2023,2353,1759,594,2026-03-27 22:04:22
天坛,0,全国,2023-03-22,日度,1,2023,2166,1643,523,2026-03-27 22:04:22
天坛,0,全国,2023-03-23,日度,1,2023,2242,1710,532,2026-03-27 22:04:22
天坛,0,全国,2023-03-24,日度,1,2023,2179,1658,521,2026-03-27 22:04:22
天坛,0,全国,2023-03-25,日度,1,2023,2608,2281,327,2026-03-27 22:04:22
天坛,0,全国,2023-03-26,日度,1,2023,2762,2396,366,2026-03-27 22:04:22
天坛,0,全国,2023-03-27,日度,1,2023,2279,1684,595,2026-03-27 22:04:22
天坛,0,全国,2023-03-28,日度,1,2023,2262,1724,538,2026-03-27 22:04:22
天坛,0,全国,2023-03-29,日度,1,2023,2287,1639,648,2026-03-27 22:04:22
天坛,0,全国,2023-03-30,日度,1,2023,2344,1789,555,2026-03-27 22:04:22
天坛,0,全国,2023-03-31,日度,1,2023,2269,1683,586,2026-03-27 22:04:22
天坛,0,全国,2023-04-01,日度,1,2023,2951,2627,324,2026-03-27 22:04:22
天坛,0,全国,2023-04-02,日度,1,2023,2876,2561,315,2026-03-27 22:04:22
天坛,0,全国,2023-04-03,日度,1,2023,2317,1684,633,2026-03-27 22:04:22
天坛,0,全国,2023-04-04,日度,1,2023,2297,1632,665,2026-03-27 22:04:22
天坛,0,全国,2023-04-05,日度,1,2023,2896,2493,403,2026-03-27 22:04:22
天坛,0,全国,2023-04-06,日度,1,2023,2381,1779,602,2026-03-27 22:04:22
天坛,0,全国,2023-04-07,日度,1,2023,2414,1848,566,2026-03-27 22:04:22
天坛,0,全国,2023-04-08,日度,1,2023,2997,2659,338,2026-03-27 22:04:22
天坛,0,全国,2023-04-09,日度,1,2023,3011,2592,419,2026-03-27 22:04:22
天坛,0,全国,2023-04-10,日度,1,2023,2273,1631,642,2026-03-27 22:04:22
天坛,0,全国,2023-04-11,日度,1,2023,2374,1786,588,2026-03-27 22:04:22
天坛,0,全国,2023-04-12,日度,1,2023,2345,1793,552,2026-03-27 22:04:22
天坛,0,全国,2023-04-13,日度,1,2023,2524,1837,687,2026-03-27 22:04:22
天坛,0,全国,2023-04-14,日度,1,2023,2361,1809,552,2026-03-27 22:04:22
天坛,0,全国,2023-04-15,日度,1,2023,2809,2421,388,2026-03-27 22:04:22
天坛,0,全国,2023-04-16,日度,1,2023,2820,2440,380,2026-03-27 22:04:22
天坛,0,全国,2023-04-17,日度,1,2023,2180,1633,547,2026-03-27 22:04:22
天坛,0,全国,2023-04-18,日度,1,2023,2286,1751,535,2026-03-27 22:04:22
天坛,0,全国,2023-04-19,日度,1,2023,2197,1609,588,2026-03-27 22:04:22
天坛,0,全国,2023-04-20,日度,1,2023,2272,1611,661,2026-03-27 22:04:22
天坛,0,全国,2023-04-21,日度,1,2023,2208,1637,571,2026-03-27 22:04:22
天坛,0,全国,2023-04-22,日度,1,2023,2493,2091,402,2026-03-27 22:04:22
天坛,0,全国,2023-04-23,日度,1,2023,2652,1949,703,2026-03-27 22:04:22
天坛,0,全国,2023-04-24,日度,1,2023,2611,1809,802,2026-03-27 22:04:22
天坛,0,全国,2023-04-25,日度,1,2023,2588,1854,734,2026-03-27 22:04:22
天坛,0,全国,2023-04-26,日度,1,2023,2406,1735,671,2026-03-27 22:04:22
天坛,0,全国,2023-04-27,日度,1,2023,2236,1608,628,2026-03-27 22:04:22
天坛,0,全国,2023-04-28,日度,1,2023,2346,1806,540,2026-03-27 22:04:22
天坛,0,全国,2023-04-29,日度,1,2023,3214,2899,315,2026-03-27 22:04:22
天坛,0,全国,2023-04-30,日度,1,2023,3648,3363,285,2026-03-27 22:04:22
天坛,0,全国,2023-05-01,日度,1,2023,3969,3664,305,2026-03-27 22:04:22
天坛,0,全国,2023-05-02,日度,1,2023,3775,3408,367,2026-03-27 22:04:22
天坛,0,全国,2023-05-03,日度,1,2023,3211,2760,451,2026-03-27 22:04:22
天坛,0,全国,2023-05-04,日度,1,2023,2060,1548,512,2026-03-27 22:04:22
天坛,0,全国,2023-05-05,日度,1,2023,1933,1460,473,2026-03-27 22:04:22
天坛,0,全国,2023-05-06,日度,1,2023,1933,1455,478,2026-03-27 22:04:22
天坛,0,全国,2023-05-07,日度,1,2023,2443,2077,366,2026-03-27 22:04:22
天坛,0,全国,2023-05-08,日度,1,2023,1985,1535,450,2026-03-27 22:04:22
天坛,0,全国,2023-05-09,日度,1,2023,2020,1545,475,2026-03-27 22:04:22
天坛,0,全国,2023-05-10,日度,1,2023,2194,1659,535,2026-03-27 22:04:22
天坛,0,全国,2023-05-11,日度,1,2023,2300,1714,586,2026-03-27 22:04:22
天坛,0,全国,2023-05-12,日度,1,2023,1907,1405,502,2026-03-27 22:04:22
天坛,0,全国,2023-05-13,日度,1,2023,2889,2480,409,2026-03-27 22:04:22
天坛,0,全国,2023-05-14,日度,1,2023,2806,2363,443,2026-03-27 22:04:22
天坛,0,全国,2023-05-15,日度,1,2023,1972,1428,544,2026-03-27 22:04:22
天坛,0,全国,2023-05-16,日度,1,2023,2153,1581,572,2026-03-27 22:04:22
天坛,0,全国,2023-05-17,日度,1,2023,2133,1614,519,2026-03-27 22:04:22
天坛,0,全国,2023-05-18,日度,1,2023,2310,1719,591,2026-03-27 22:04:22
天坛,0,全国,2023-05-19,日度,1,2023,1879,1398,481,2026-03-27 22:04:22
天坛,0,全国,2023-05-20,日度,1,2023,2613,2194,419,2026-03-27 22:04:22
天坛,0,全国,2023-05-21,日度,1,2023,2955,2501,454,2026-03-27 22:04:22
天坛,0,全国,2023-05-22,日度,1,2023,1955,1654,301,2026-03-27 22:04:22
天坛,0,全国,2023-05-23,日度,1,2023,1997,1634,363,2026-03-27 22:04:22
天坛,0,全国,2023-05-24,日度,1,2023,2153,1686,467,2026-03-27 22:04:22
天坛,0,全国,2023-05-25,日度,1,2023,2264,1706,558,2026-03-27 22:04:22
天坛,0,全国,2023-05-26,日度,1,2023,2130,1593,537,2026-03-27 22:04:22
天坛,0,全国,2023-05-27,日度,1,2023,2678,2216,462,2026-03-27 22:04:22
天坛,0,全国,2023-05-28,日度,1,2023,3068,2539,529,2026-03-27 22:04:22
天坛,0,全国,2023-05-29,日度,1,2023,2008,1445,563,2026-03-27 22:04:22
天坛,0,全国,2023-05-30,日度,1,2023,1986,1409,577,2026-03-27 22:04:22
天坛,0,全国,2023-05-31,日度,1,2023,1796,1334,462,2026-03-27 22:04:22
天坛,0,全国,2023-06-01,日度,1,2023,1757,1320,437,2026-03-27 22:04:27
天坛,0,全国,2023-06-02,日度,1,2023,1768,1320,448,2026-03-27 22:04:27
天坛,0,全国,2023-06-03,日度,1,2023,2221,1855,366,2026-03-27 22:04:27
天坛,0,全国,2023-06-04,日度,1,2023,2420,2006,414,2026-03-27 22:04:27
天坛,0,全国,2023-06-05,日度,1,2023,1894,1339,555,2026-03-27 22:04:27
天坛,0,全国,2023-06-06,日度,1,2023,1978,1424,554,2026-03-27 22:04:27
天坛,0,全国,2023-06-07,日度,1,2023,2052,1497,555,2026-03-27 22:04:27
天坛,0,全国,2023-06-08,日度,1,2023,1975,1463,512,2026-03-27 22:04:27
天坛,0,全国,2023-06-09,日度,1,2023,2002,1490,512,2026-03-27 22:04:27
天坛,0,全国,2023-06-10,日度,1,2023,2221,1883,338,2026-03-27 22:04:27
天坛,0,全国,2023-06-11,日度,1,2023,2310,1950,360,2026-03-27 22:04:27
天坛,0,全国,2023-06-12,日度,1,2023,1927,1384,543,2026-03-27 22:04:27
天坛,0,全国,2023-06-13,日度,1,2023,2167,1534,633,2026-03-27 22:04:27
天坛,0,全国,2023-06-14,日度,1,2023,2153,1511,642,2026-03-27 22:04:27
天坛,0,全国,2023-06-15,日度,1,2023,2125,1612,513,2026-03-27 22:04:27
天坛,0,全国,2023-06-16,日度,1,2023,1923,1441,482,2026-03-27 22:04:27
天坛,0,全国,2023-06-17,日度,1,2023,2017,1688,329,2026-03-27 22:04:27
天坛,0,全国,2023-06-18,日度,1,2023,2095,1765,330,2026-03-27 22:04:27
天坛,0,全国,2023-06-19,日度,1,2023,2011,1515,496,2026-03-27 22:04:27
天坛,0,全国,2023-06-20,日度,1,2023,1908,1424,484,2026-03-27 22:04:27
天坛,0,全国,2023-06-21,日度,1,2023,2030,1509,521,2026-03-27 22:04:27
天坛,0,全国,2023-06-22,日度,1,2023,2326,2039,287,2026-03-27 22:04:27
天坛,0,全国,2023-06-23,日度,1,2023,2307,2006,301,2026-03-27 22:04:27
天坛,0,全国,2023-06-24,日度,1,2023,2096,1795,301,2026-03-27 22:04:27
天坛,0,全国,2023-06-25,日度,1,2023,2144,1474,670,2026-03-27 22:04:27
天坛,0,全国,2023-06-26,日度,1,2023,1780,1271,509,2026-03-27 22:04:27
天坛,0,全国,2023-06-27,日度,1,2023,2039,1523,516,2026-03-27 22:04:27
天坛,0,全国,2023-06-28,日度,1,2023,2262,1698,564,2026-03-27 22:04:27
天坛,0,全国,2023-06-29,日度,1,2023,2399,1813,586,2026-03-27 22:04:27
天坛,0,全国,2023-06-30,日度,1,2023,2324,1832,492,2026-03-27 22:04:27
天坛,0,全国,2023-07-01,日度,1,2023,2552,2206,346,2026-03-27 22:04:27
天坛,0,全国,2023-07-02,日度,1,2023,2650,2309,341,2026-03-27 22:04:27
天坛,0,全国,2023-07-03,日度,1,2023,2269,1746,523,2026-03-27 22:04:27
天坛,0,全国,2023-07-04,日度,1,2023,2798,2235,563,2026-03-27 22:04:27
天坛,0,全国,2023-07-05,日度,1,2023,2570,2012,558,2026-03-27 22:04:27
天坛,0,全国,2023-07-06,日度,1,2023,2464,1907,557,2026-03-27 22:04:27
天坛,0,全国,2023-07-07,日度,1,2023,2632,2064,568,2026-03-27 22:04:27
天坛,0,全国,2023-07-08,日度,1,2023,2594,2285,309,2026-03-27 22:04:27
天坛,0,全国,2023-07-09,日度,1,2023,2538,2225,313,2026-03-27 22:04:27
天坛,0,全国,2023-07-10,日度,1,2023,2093,1572,521,2026-03-27 22:04:27
天坛,0,全国,2023-07-11,日度,1,2023,2664,2104,560,2026-03-27 22:04:27
天坛,0,全国,2023-07-12,日度,1,2023,2658,2120,538,2026-03-27 22:04:27
天坛,0,全国,2023-07-13,日度,1,2023,2636,2084,552,2026-03-27 22:04:27
天坛,0,全国,2023-07-14,日度,1,2023,2666,2176,490,2026-03-27 22:04:27
天坛,0,全国,2023-07-15,日度,1,2023,2785,2484,301,2026-03-27 22:04:27
天坛,0,全国,2023-07-16,日度,1,2023,2521,2219,302,2026-03-27 22:04:27
天坛,0,全国,2023-07-17,日度,1,2023,2148,1605,543,2026-03-27 22:04:27
天坛,0,全国,2023-07-18,日度,1,2023,2489,1976,513,2026-03-27 22:04:27
天坛,0,全国,2023-07-19,日度,1,2023,2470,1969,501,2026-03-27 22:04:27
天坛,0,全国,2023-07-20,日度,1,2023,2356,1810,546,2026-03-27 22:04:27
天坛,0,全国,2023-07-21,日度,1,2023,2420,1904,516,2026-03-27 22:04:27
天坛,0,全国,2023-07-22,日度,1,2023,2650,2352,298,2026-03-27 22:04:27
天坛,0,全国,2023-07-23,日度,1,2023,2677,2353,324,2026-03-27 22:04:27
天坛,0,全国,2023-07-24,日度,1,2023,2166,1673,493,2026-03-27 22:04:27
天坛,0,全国,2023-07-25,日度,1,2023,2685,2105,580,2026-03-27 22:04:27
天坛,0,全国,2023-07-26,日度,1,2023,2542,2013,529,2026-03-27 22:04:27
天坛,0,全国,2023-07-27,日度,1,2023,2574,2103,471,2026-03-27 22:04:27
天坛,0,全国,2023-07-28,日度,1,2023,2826,2303,523,2026-03-27 22:04:27
天坛,0,全国,2023-07-29,日度,1,2023,2708,2404,304,2026-03-27 22:04:27
天坛,0,全国,2023-07-30,日度,1,2023,1977,1651,326,2026-03-27 22:04:27
天坛,0,全国,2023-07-31,日度,1,2023,2035,1543,492,2026-03-27 22:04:27
天坛,0,全国,2023-08-01,日度,1,2023,2634,2026,608,2026-03-27 22:04:27
天坛,0,全国,2023-08-02,日度,1,2023,4254,3598,656,2026-03-27 22:04:27
天坛,0,全国,2023-08-03,日度,1,2023,2952,2420,532,2026-03-27 22:04:27
天坛,0,全国,2023-08-04,日度,1,2023,2660,2125,535,2026-03-27 22:04:27
天坛,0,全国,2023-08-05,日度,1,2023,2897,2559,338,2026-03-27 22:04:27
天坛,0,全国,2023-08-06,日度,1,2023,3015,2692,323,2026-03-27 22:04:27
天坛,0,全国,2023-08-07,日度,1,2023,2429,1877,552,2026-03-27 22:04:27
天坛,0,全国,2023-08-08,日度,1,2023,3031,2453,578,2026-03-27 22:04:27
天坛,0,全国,2023-08-09,日度,1,2023,2888,2355,533,2026-03-27 22:04:27
天坛,0,全国,2023-08-10,日度,1,2023,2860,2289,571,2026-03-27 22:04:27
天坛,0,全国,2023-08-11,日度,1,2023,2833,2264,569,2026-03-27 22:04:27
天坛,0,全国,2023-08-12,日度,1,2023,3254,2927,327,2026-03-27 22:04:27
天坛,0,全国,2023-08-13,日度,1,2023,3010,2697,313,2026-03-27 22:04:27
天坛,0,全国,2023-08-14,日度,1,2023,2301,1764,537,2026-03-27 22:04:27
天坛,0,全国,2023-08-15,日度,1,2023,2834,2325,509,2026-03-27 22:04:27
天坛,0,全国,2023-08-16,日度,1,2023,2682,2181,501,2026-03-27 22:04:27
天坛,0,全国,2023-08-17,日度,1,2023,2856,2299,557,2026-03-27 22:04:27
天坛,0,全国,2023-08-18,日度,1,2023,2855,2286,569,2026-03-27 22:04:27
天坛,0,全国,2023-08-19,日度,1,2023,2983,2662,321,2026-03-27 22:04:27
天坛,0,全国,2023-08-20,日度,1,2023,2660,2310,350,2026-03-27 22:04:27
天坛,0,全国,2023-08-21,日度,1,2023,2331,1790,541,2026-03-27 22:04:27
天坛,0,全国,2023-08-22,日度,1,2023,2817,2274,543,2026-03-27 22:04:27
天坛,0,全国,2023-08-23,日度,1,2023,2731,2187,544,2026-03-27 22:04:27
天坛,0,全国,2023-08-24,日度,1,2023,2567,2049,518,2026-03-27 22:04:27
天坛,0,全国,2023-08-25,日度,1,2023,2621,2154,467,2026-03-27 22:04:27
天坛,0,全国,2023-08-26,日度,1,2023,2821,2491,330,2026-03-27 22:04:27
天坛,0,全国,2023-08-27,日度,1,2023,2711,2351,360,2026-03-27 22:04:27
天坛,0,全国,2023-08-28,日度,1,2023,2290,1735,555,2026-03-27 22:04:27
天坛,0,全国,2023-08-29,日度,1,2023,2536,1942,594,2026-03-27 22:04:27
天坛,0,全国,2023-08-30,日度,1,2023,2505,1916,589,2026-03-27 22:04:27
天坛,0,全国,2023-08-31,日度,1,2023,2192,1649,543,2026-03-27 22:04:27
天坛,0,全国,2023-09-01,日度,1,2023,1601,1201,400,2026-03-27 22:04:27
天坛,0,全国,2023-09-02,日度,1,2023,1871,1564,307,2026-03-27 22:04:27
天坛,0,全国,2023-09-03,日度,1,2023,2039,1662,377,2026-03-27 22:04:27
天坛,0,全国,2023-09-04,日度,1,2023,1525,1088,437,2026-03-27 22:04:27
天坛,0,全国,2023-09-05,日度,1,2023,1684,1196,488,2026-03-27 22:04:27
天坛,0,全国,2023-09-06,日度,1,2023,1659,1194,465,2026-03-27 22:04:27
天坛,0,全国,2023-09-07,日度,1,2023,1670,1211,459,2026-03-27 22:04:27
天坛,0,全国,2023-09-08,日度,1,2023,1597,1138,459,2026-03-27 22:04:27
天坛,0,全国,2023-09-09,日度,1,2023,1631,1326,305,2026-03-27 22:04:27
天坛,0,全国,2023-09-10,日度,1,2023,2159,1815,344,2026-03-27 22:04:27
天坛,0,全国,2023-09-11,日度,1,2023,1758,1237,521,2026-03-27 22:04:27
天坛,0,全国,2023-09-12,日度,1,2023,1881,1375,506,2026-03-27 22:04:27
天坛,0,全国,2023-09-13,日度,1,2023,1910,1398,512,2026-03-27 22:04:27
天坛,0,全国,2023-09-14,日度,1,2023,1982,1405,577,2026-03-27 22:04:27
天坛,0,全国,2023-09-15,日度,1,2023,1905,1387,518,2026-03-27 22:04:27
天坛,0,全国,2023-09-16,日度,1,2023,2185,1855,330,2026-03-27 22:04:27
天坛,0,全国,2023-09-17,日度,1,2023,2307,1919,388,2026-03-27 22:04:27
天坛,0,全国,2023-09-18,日度,1,2023,1933,1330,603,2026-03-27 22:04:27
天坛,0,全国,2023-09-19,日度,1,2023,2136,1519,617,2026-03-27 22:04:27
天坛,0,全国,2023-09-20,日度,1,2023,2145,1520,625,2026-03-27 22:04:27
天坛,0,全国,2023-09-21,日度,1,2023,2127,1502,625,2026-03-27 22:04:27
天坛,0,全国,2023-09-22,日度,1,2023,2237,1649,588,2026-03-27 22:04:27
天坛,0,全国,2023-09-23,日度,1,2023,2658,2281,377,2026-03-27 22:04:27
天坛,0,全国,2023-09-24,日度,1,2023,2928,2502,426,2026-03-27 22:04:27
天坛,0,全国,2023-09-25,日度,1,2023,2408,1592,816,2026-03-27 22:04:27
天坛,0,全国,2023-09-26,日度,1,2023,2346,1609,737,2026-03-27 22:04:27
天坛,0,全国,2023-09-27,日度,1,2023,2414,1651,763,2026-03-27 22:04:27
天坛,0,全国,2023-09-28,日度,1,2023,2233,1543,690,2026-03-27 22:04:27
天坛,0,全国,2023-09-29,日度,1,2023,2721,2417,304,2026-03-27 22:04:27
天坛,0,全国,2023-09-30,日度,1,2023,3815,3511,304,2026-03-27 22:04:27
天坛,0,全国,2023-10-01,日度,1,2023,4695,4349,346,2026-03-27 22:04:27
天坛,0,全国,2023-10-02,日度,1,2023,4506,4230,276,2026-03-27 22:04:27
天坛,0,全国,2023-10-03,日度,1,2023,4213,3900,313,2026-03-27 22:04:27
天坛,0,全国,2023-10-04,日度,1,2023,3609,3271,338,2026-03-27 22:04:27
天坛,0,全国,2023-10-05,日度,1,2023,3231,2859,372,2026-03-27 22:04:27
天坛,0,全国,2023-10-06,日度,1,2023,3801,3264,537,2026-03-27 22:04:27
天坛,0,全国,2023-10-07,日度,1,2023,2064,1524,540,2026-03-27 22:04:27
天坛,0,全国,2023-10-08,日度,1,2023,1960,1425,535,2026-03-27 22:04:27
天坛,0,全国,2023-10-09,日度,1,2023,1835,1309,526,2026-03-27 22:04:27
天坛,0,全国,2023-10-10,日度,1,2023,2037,1445,592,2026-03-27 22:04:27
天坛,0,全国,2023-10-11,日度,1,2023,2025,1523,502,2026-03-27 22:04:27
天坛,0,全国,2023-10-12,日度,1,2023,2058,1470,588,2026-03-27 22:04:27
天坛,0,全国,2023-10-13,日度,1,2023,2063,1557,506,2026-03-27 22:04:27
天坛,0,全国,2023-10-14,日度,1,2023,2296,1994,302,2026-03-27 22:04:27
天坛,0,全国,2023-10-15,日度,1,2023,2579,2198,381,2026-03-27 22:04:27
天坛,0,全国,2023-10-16,日度,1,2023,1837,1271,566,2026-03-27 22:04:27
天坛,0,全国,2023-10-17,日度,1,2023,2078,1462,616,2026-03-27 22:04:27
天坛,0,全国,2023-10-18,日度,1,2023,2044,1424,620,2026-03-27 22:04:27
天坛,0,全国,2023-10-19,日度,1,2023,1834,1277,557,2026-03-27 22:04:27
天坛,0,全国,2023-10-20,日度,1,2023,1832,1268,564,2026-03-27 22:04:27
天坛,0,全国,2023-10-21,日度,1,2023,2139,1851,288,2026-03-27 22:04:27
天坛,0,全国,2023-10-22,日度,1,2023,2157,1765,392,2026-03-27 22:04:27
天坛,0,全国,2023-10-23,日度,1,2023,1737,1045,692,2026-03-27 22:04:27
天坛,0,全国,2023-10-24,日度,1,2023,1628,1067,561,2026-03-27 22:04:27
天坛,0,全国,2023-10-25,日度,1,2023,1617,1031,586,2026-03-27 22:04:27
天坛,0,全国,2023-10-26,日度,1,2023,1510,1006,504,2026-03-27 22:04:27
天坛,0,全国,2023-10-27,日度,1,2023,1712,1224,488,2026-03-27 22:04:27
天坛,0,全国,2023-10-28,日度,1,2023,2204,1883,321,2026-03-27 22:04:27
天坛,0,全国,2023-10-29,日度,1,2023,1926,1635,291,2026-03-27 22:04:27
天坛,0,全国,2023-10-30,日度,1,2023,1509,980,529,2026-03-27 22:04:27
天坛,0,全国,2023-10-31,日度,1,2023,1538,1073,465,2026-03-27 22:04:27
天坛,0,全国,2023-11-01,日度,1,2023,1759,1216,543,2026-03-27 22:04:27
天坛,0,全国,2023-11-02,日度,1,2023,1465,963,502,2026-03-27 22:04:27
天坛,0,全国,2023-11-03,日度,1,2023,1584,1051,533,2026-03-27 22:04:27
天坛,0,全国,2023-11-04,日度,1,2023,1761,1497,264,2026-03-27 22:04:27
天坛,0,全国,2023-11-05,日度,1,2023,1494,1241,253,2026-03-27 22:04:27
天坛,0,全国,2023-11-06,日度,1,2023,1558,966,592,2026-03-27 22:04:27
天坛,0,全国,2023-11-07,日度,1,2023,1524,1009,515,2026-03-27 22:04:27
天坛,0,全国,2023-11-08,日度,1,2023,1561,1060,501,2026-03-27 22:04:27
天坛,0,全国,2023-11-09,日度,1,2023,1405,980,425,2026-03-27 22:04:27
天坛,0,全国,2023-11-10,日度,1,2023,1386,989,397,2026-03-27 22:04:27
天坛,0,全国,2023-11-11,日度,1,2023,1550,1286,264,2026-03-27 22:04:27
天坛,0,全国,2023-11-12,日度,1,2023,1530,1201,329,2026-03-27 22:04:27
天坛,0,全国,2023-11-13,日度,1,2023,1413,946,467,2026-03-27 22:04:27
天坛,0,全国,2023-11-14,日度,1,2023,1499,1049,450,2026-03-27 22:04:27
天坛,0,全国,2023-11-15,日度,1,2023,1370,959,411,2026-03-27 22:04:27
天坛,0,全国,2023-11-16,日度,1,2023,1392,962,430,2026-03-27 22:04:27
天坛,0,全国,2023-11-17,日度,1,2023,1434,1018,416,2026-03-27 22:04:27
天坛,0,全国,2023-11-18,日度,1,2023,1605,1323,282,2026-03-27 22:04:27
天坛,0,全国,2023-11-19,日度,1,2023,1794,1492,302,2026-03-27 22:04:27
天坛,0,全国,2023-11-20,日度,1,2023,1462,1073,389,2026-03-27 22:04:27
天坛,0,全国,2023-11-21,日度,1,2023,1484,1031,453,2026-03-27 22:04:27
天坛,0,全国,2023-11-22,日度,1,2023,1394,988,406,2026-03-27 22:04:27
天坛,0,全国,2023-11-23,日度,1,2023,1384,947,437,2026-03-27 22:04:27
天坛,0,全国,2023-11-24,日度,1,2023,1359,982,377,2026-03-27 22:04:27
天坛,0,全国,2023-11-25,日度,1,2023,1455,1179,276,2026-03-27 22:04:27
天坛,0,全国,2023-11-26,日度,1,2023,1541,1284,257,2026-03-27 22:04:27
天坛,0,全国,2023-11-27,日度,1,2023,1358,980,378,2026-03-27 22:04:27
天坛,0,全国,2023-11-28,日度,1,2023,1363,915,448,2026-03-27 22:04:27
天坛,0,全国,2023-11-29,日度,1,2023,1392,973,419,2026-03-27 22:04:27
天坛,0,全国,2023-11-30,日度,1,2023,1436,954,482,2026-03-27 22:04:27
天坛,0,全国,2023-12-01,日度,1,2023,1414,969,445,2026-03-27 22:04:27
天坛,0,全国,2023-12-02,日度,1,2023,1482,1203,279,2026-03-27 22:04:27
天坛,0,全国,2023-12-03,日度,1,2023,1643,1294,349,2026-03-27 22:04:27
天坛,0,全国,2023-12-04,日度,1,2023,1498,966,532,2026-03-27 22:04:27
天坛,0,全国,2023-12-05,日度,1,2023,1548,1105,443,2026-03-27 22:04:27
天坛,0,全国,2023-12-06,日度,1,2023,1405,1002,403,2026-03-27 22:04:27
天坛,0,全国,2023-12-07,日度,1,2023,1426,962,464,2026-03-27 22:04:27
天坛,0,全国,2023-12-08,日度,1,2023,1450,1024,426,2026-03-27 22:04:27
天坛,0,全国,2023-12-09,日度,1,2023,1394,1168,226,2026-03-27 22:04:27
天坛,0,全国,2023-12-10,日度,1,2023,1536,1238,298,2026-03-27 22:04:27
天坛,0,全国,2023-12-11,日度,1,2023,1493,894,599,2026-03-27 22:04:27
天坛,0,全国,2023-12-12,日度,1,2023,1343,872,471,2026-03-27 22:04:27
天坛,0,全国,2023-12-13,日度,1,2023,1539,987,552,2026-03-27 22:04:27
天坛,0,全国,2023-12-14,日度,1,2023,1503,1056,447,2026-03-27 22:04:27
天坛,0,全国,2023-12-15,日度,1,2023,1399,980,419,2026-03-27 22:04:27
天坛,0,全国,2023-12-16,日度,1,2023,1343,1056,287,2026-03-27 22:04:27
天坛,0,全国,2023-12-17,日度,1,2023,1380,1053,327,2026-03-27 22:04:27
天坛,0,全国,2023-12-18,日度,1,2023,1397,944,453,2026-03-27 22:04:27
天坛,0,全国,2023-12-19,日度,1,2023,1271,894,377,2026-03-27 22:04:27
天坛,0,全国,2023-12-20,日度,1,2023,1354,917,437,2026-03-27 22:04:27
天坛,0,全国,2023-12-21,日度,1,2023,1413,994,419,2026-03-27 22:04:27
天坛,0,全国,2023-12-22,日度,1,2023,1339,982,357,2026-03-27 22:04:27
天坛,0,全国,2023-12-23,日度,1,2023,1335,1062,273,2026-03-27 22:04:27
天坛,0,全国,2023-12-24,日度,1,2023,1390,1106,284,2026-03-27 22:04:27
天坛,0,全国,2023-12-25,日度,1,2023,1362,945,417,2026-03-27 22:04:27
天坛,0,全国,2023-12-26,日度,1,2023,1360,1006,354,2026-03-27 22:04:27
天坛,0,全国,2023-12-27,日度,1,2023,1408,986,422,2026-03-27 22:04:27
天坛,0,全国,2023-12-28,日度,1,2023,1431,1003,428,2026-03-27 22:04:27
天坛,0,全国,2023-12-29,日度,1,2023,1410,1007,403,2026-03-27 22:04:27
天坛,0,全国,2023-12-30,日度,1,2023,1784,1590,194,2026-03-27 22:04:27
天坛,0,全国,2023-12-31,日度,1,2023,1802,1602,200,2026-03-27 22:04:27
天坛,0,全国,2024-01-01,日度,1,2024,1686,1460,226,2026-03-27 22:04:27
天坛,0,全国,2024-01-02,日度,1,2024,1308,925,383,2026-03-27 22:04:27
天坛,0,全国,2024-01-03,日度,1,2024,1388,954,434,2026-03-27 22:04:27
天坛,0,全国,2024-01-04,日度,1,2024,1388,979,409,2026-03-27 22:04:27
天坛,0,全国,2024-01-05,日度,1,2024,1363,991,372,2026-03-27 22:04:27
天坛,0,全国,2024-01-06,日度,1,2024,1317,1080,237,2026-03-27 22:04:27
天坛,0,全国,2024-01-07,日度,1,2024,1505,1257,248,2026-03-27 22:04:27
天坛,0,全国,2024-01-08,日度,1,2024,1299,976,323,2026-03-27 22:04:27
天坛,0,全国,2024-01-09,日度,1,2024,1361,953,408,2026-03-27 22:04:27
天坛,0,全国,2024-01-10,日度,1,2024,1419,999,420,2026-03-27 22:04:27
天坛,0,全国,2024-01-11,日度,1,2024,1362,967,395,2026-03-27 22:04:27
天坛,0,全国,2024-01-12,日度,1,2024,1558,1178,380,2026-03-27 22:04:27
天坛,0,全国,2024-01-13,日度,1,2024,1698,1433,265,2026-03-27 22:04:27
天坛,0,全国,2024-01-14,日度,1,2024,1537,1252,285,2026-03-27 22:04:27
天坛,0,全国,2024-01-15,日度,1,2024,1474,995,479,2026-03-27 22:04:27
天坛,0,全国,2024-01-16,日度,1,2024,1396,987,409,2026-03-27 22:04:27
天坛,0,全国,2024-01-17,日度,1,2024,1431,1022,409,2026-03-27 22:04:27
天坛,0,全国,2024-01-18,日度,1,2024,1442,1088,354,2026-03-27 22:04:27
天坛,0,全国,2024-01-19,日度,1,2024,1516,1170,346,2026-03-27 22:04:27
天坛,0,全国,2024-01-20,日度,1,2024,1711,1409,302,2026-03-27 22:04:27
天坛,0,全国,2024-01-21,日度,1,2024,1505,1277,228,2026-03-27 22:04:27
天坛,0,全国,2024-01-22,日度,1,2024,1374,971,403,2026-03-27 22:04:27
天坛,0,全国,2024-01-23,日度,1,2024,1585,1140,445,2026-03-27 22:04:27
天坛,0,全国,2024-01-24,日度,1,2024,1616,1193,423,2026-03-27 22:04:27
天坛,0,全国,2024-01-25,日度,1,2024,1634,1249,385,2026-03-27 22:04:27
天坛,0,全国,2024-01-26,日度,1,2024,1751,1289,462,2026-03-27 22:04:27
天坛,0,全国,2024-01-27,日度,1,2024,1955,1688,267,2026-03-27 22:04:27
天坛,0,全国,2024-01-28,日度,1,2024,1894,1641,253,2026-03-27 22:04:27
天坛,0,全国,2024-01-29,日度,1,2024,1549,1132,417,2026-03-27 22:04:27
天坛,0,全国,2024-01-30,日度,1,2024,1832,1392,440,2026-03-27 22:04:27
天坛,0,全国,2024-01-31,日度,1,2024,1801,1371,430,2026-03-27 22:04:27
天坛,0,全国,2024-02-01,日度,1,2024,1605,1214,391,2026-03-27 22:04:27
天坛,0,全国,2024-02-02,日度,1,2024,1759,1333,426,2026-03-27 22:04:27
天坛,0,全国,2024-02-03,日度,1,2024,1751,1456,295,2026-03-27 22:04:27
天坛,0,全国,2024-02-04,日度,1,2024,1871,1454,417,2026-03-27 22:04:27
天坛,0,全国,2024-02-05,日度,1,2024,1538,1172,366,2026-03-27 22:04:27
天坛,0,全国,2024-02-06,日度,1,2024,1782,1359,423,2026-03-27 22:04:27
天坛,0,全国,2024-02-07,日度,1,2024,1788,1447,341,2026-03-27 22:04:27
天坛,0,全国,2024-02-08,日度,1,2024,1618,1314,304,2026-03-27 22:04:27
天坛,0,全国,2024-02-09,日度,1,2024,1477,1300,177,2026-03-27 22:04:27
天坛,0,全国,2024-02-10,日度,1,2024,2413,2204,209,2026-03-27 22:04:27
天坛,0,全国,2024-02-11,日度,1,2024,3051,2849,202,2026-03-27 22:04:27
天坛,0,全国,2024-02-12,日度,1,2024,3725,3530,195,2026-03-27 22:04:27
天坛,0,全国,2024-02-13,日度,1,2024,4017,3826,191,2026-03-27 22:04:27
天坛,0,全国,2024-02-14,日度,1,2024,3660,3429,231,2026-03-27 22:04:27
天坛,0,全国,2024-02-15,日度,1,2024,3095,2890,205,2026-03-27 22:04:27
天坛,0,全国,2024-02-16,日度,1,2024,2669,2374,295,2026-03-27 22:04:27
天坛,0,全国,2024-02-17,日度,1,2024,2397,2107,290,2026-03-27 22:04:27
天坛,0,全国,2024-02-18,日度,1,2024,2238,1763,475,2026-03-27 22:04:27
天坛,0,全国,2024-02-19,日度,1,2024,1912,1403,509,2026-03-27 22:04:27
天坛,0,全国,2024-02-20,日度,1,2024,2000,1501,499,2026-03-27 22:04:27
天坛,0,全国,2024-02-21,日度,1,2024,2041,1534,507,2026-03-27 22:04:27
天坛,0,全国,2024-02-22,日度,1,2024,2044,1535,509,2026-03-27 22:04:27
天坛,0,全国,2024-02-23,日度,1,2024,1995,1409,586,2026-03-27 22:04:27
天坛,0,全国,2024-02-24,日度,1,2024,2121,1733,388,2026-03-27 22:04:27
天坛,0,全国,2024-02-25,日度,1,2024,1856,1496,360,2026-03-27 22:04:27
天坛,0,全国,2024-02-26,日度,1,2024,1518,1065,453,2026-03-27 22:04:27
天坛,0,全国,2024-02-27,日度,1,2024,1590,1091,499,2026-03-27 22:04:27
天坛,0,全国,2024-02-28,日度,1,2024,1656,1109,547,2026-03-27 22:04:27
天坛,0,全国,2024-02-29,日度,1,2024,1615,1097,518,2026-03-27 22:04:27
天坛,0,全国,2024-03-01,日度,1,2024,1561,1139,422,2026-03-27 22:04:27
天坛,0,全国,2024-03-02,日度,1,2024,1763,1476,287,2026-03-27 22:04:27
天坛,0,全国,2024-03-03,日度,1,2024,1783,1496,287,2026-03-27 22:04:27
天坛,0,全国,2024-03-04,日度,1,2024,1983,1467,516,2026-03-27 22:04:27
天坛,0,全国,2024-03-05,日度,1,2024,1909,1385,524,2026-03-27 22:04:27
天坛,0,全国,2024-03-06,日度,1,2024,1711,1255,456,2026-03-27 22:04:27
天坛,0,全国,2024-03-07,日度,1,2024,1856,1361,495,2026-03-27 22:04:27
天坛,0,全国,2024-03-08,日度,1,2024,1597,1183,414,2026-03-27 22:04:27
天坛,0,全国,2024-03-09,日度,1,2024,1857,1586,271,2026-03-27 22:04:27
天坛,0,全国,2024-03-10,日度,1,2024,1888,1609,279,2026-03-27 22:04:27
天坛,0,全国,2024-03-11,日度,1,2024,1641,1129,512,2026-03-27 22:04:27
天坛,0,全国,2024-03-12,日度,1,2024,1657,1207,450,2026-03-27 22:04:27
天坛,0,全国,2024-03-13,日度,1,2024,1750,1231,519,2026-03-27 22:04:27
天坛,0,全国,2024-03-14,日度,1,2024,1756,1264,492,2026-03-27 22:04:27
天坛,0,全国,2024-03-15,日度,1,2024,1680,1161,519,2026-03-27 22:04:27
天坛,0,全国,2024-03-16,日度,1,2024,1800,1532,268,2026-03-27 22:04:27
天坛,0,全国,2024-03-17,日度,1,2024,1897,1613,284,2026-03-27 22:04:27
天坛,0,全国,2024-03-18,日度,1,2024,1614,1130,484,2026-03-27 22:04:27
天坛,0,全国,2024-03-19,日度,1,2024,1725,1213,512,2026-03-27 22:04:27
天坛,0,全国,2024-03-20,日度,1,2024,1604,1128,476,2026-03-27 22:04:27
天坛,0,全国,2024-03-21,日度,1,2024,1751,1165,586,2026-03-27 22:04:27
天坛,0,全国,2024-03-22,日度,1,2024,1666,1092,574,2026-03-27 22:04:27
天坛,0,全国,2024-03-23,日度,1,2024,1943,1613,330,2026-03-27 22:04:27
天坛,0,全国,2024-03-24,日度,1,2024,1930,1621,309,2026-03-27 22:04:27
天坛,0,全国,2024-03-25,日度,1,2024,1487,988,499,2026-03-27 22:04:27
天坛,0,全国,2024-03-26,日度,1,2024,1789,1225,564,2026-03-27 22:04:27
天坛,0,全国,2024-03-27,日度,1,2024,1738,1237,501,2026-03-27 22:04:27
天坛,0,全国,2024-03-28,日度,1,2024,1792,1246,546,2026-03-27 22:04:27
天坛,0,全国,2024-03-29,日度,1,2024,1680,1198,482,2026-03-27 22:04:27
天坛,0,全国,2024-03-30,日度,1,2024,2063,1733,330,2026-03-27 22:04:27
天坛,0,全国,2024-03-31,日度,1,2024,2026,1690,336,2026-03-27 22:04:27
天坛,0,全国,2024-04-01,日度,1,2024,1955,1302,653,2026-03-27 22:04:27
天坛,0,全国,2024-04-02,日度,1,2024,1814,1256,558,2026-03-27 22:04:27
天坛,0,全国,2024-04-03,日度,1,2024,1796,1261,535,2026-03-27 22:04:27
天坛,0,全国,2024-04-04,日度,1,2024,2717,2405,312,2026-03-27 22:04:27
天坛,0,全国,2024-04-05,日度,1,2024,2764,2507,257,2026-03-27 22:04:27
天坛,0,全国,2024-04-06,日度,1,2024,2086,1715,371,2026-03-27 22:04:27
天坛,0,全国,2024-04-07,日度,1,2024,1848,1311,537,2026-03-27 22:04:27
天坛,0,全国,2024-04-08,日度,1,2024,1594,1137,457,2026-03-27 22:04:27
天坛,0,全国,2024-04-09,日度,1,2024,1687,1185,502,2026-03-27 22:04:27
天坛,0,全国,2024-04-10,日度,1,2024,1769,1253,516,2026-03-27 22:04:27
天坛,0,全国,2024-04-11,日度,1,2024,1649,1111,538,2026-03-27 22:04:27
天坛,0,全国,2024-04-12,日度,1,2024,1843,1316,527,2026-03-27 22:04:27
天坛,0,全国,2024-04-13,日度,1,2024,2074,1686,388,2026-03-27 22:04:27
天坛,0,全国,2024-04-14,日度,1,2024,1949,1566,383,2026-03-27 22:04:27
天坛,0,全国,2024-04-15,日度,1,2024,1654,1072,582,2026-03-27 22:04:27
天坛,0,全国,2024-04-16,日度,1,2024,1710,1246,464,2026-03-27 22:04:27
天坛,0,全国,2024-04-17,日度,1,2024,1686,1135,551,2026-03-27 22:04:27
天坛,0,全国,2024-04-18,日度,1,2024,1836,1279,557,2026-03-27 22:04:27
天坛,0,全国,2024-04-19,日度,1,2024,1734,1249,485,2026-03-27 22:04:27
天坛,0,全国,2024-04-20,日度,1,2024,1948,1644,304,2026-03-27 22:04:27
天坛,0,全国,2024-04-21,日度,1,2024,2279,1925,354,2026-03-27 22:04:27
天坛,0,全国,2024-04-22,日度,1,2024,1596,1056,540,2026-03-27 22:04:27
天坛,0,全国,2024-04-23,日度,1,2024,1634,1111,523,2026-03-27 22:04:27
天坛,0,全国,2024-04-24,日度,1,2024,1793,1229,564,2026-03-27 22:04:27
天坛,0,全国,2024-04-25,日度,1,2024,1819,1262,557,2026-03-27 22:04:27
天坛,0,全国,2024-04-26,日度,1,2024,1613,1103,510,2026-03-27 22:04:27
天坛,0,全国,2024-04-27,日度,1,2024,2081,1692,389,2026-03-27 22:04:27
天坛,0,全国,2024-04-28,日度,1,2024,2076,1350,726,2026-03-27 22:04:27
天坛,0,全国,2024-04-29,日度,1,2024,1568,957,611,2026-03-27 22:04:27
天坛,0,全国,2024-04-30,日度,1,2024,2055,1467,588,2026-03-27 22:04:27
天坛,0,全国,2024-05-01,日度,1,2024,2839,2563,276,2026-03-27 22:04:27
天坛,0,全国,2024-05-02,日度,1,2024,3330,3031,299,2026-03-27 22:04:27
天坛,0,全国,2024-05-03,日度,1,2024,3083,2785,298,2026-03-27 22:04:27
天坛,0,全国,2024-05-04,日度,1,2024,2700,2326,374,2026-03-27 22:04:27
天坛,0,全国,2024-05-05,日度,1,2024,2326,1889,437,2026-03-27 22:04:27
天坛,0,全国,2024-05-06,日度,1,2024,1860,1184,676,2026-03-27 22:04:27
天坛,0,全国,2024-05-07,日度,1,2024,1857,1271,586,2026-03-27 22:04:27
天坛,0,全国,2024-05-08,日度,1,2024,1436,915,521,2026-03-27 22:04:27
天坛,0,全国,2024-05-09,日度,1,2024,1745,1198,547,2026-03-27 22:04:27
天坛,0,全国,2024-05-10,日度,1,2024,1806,1265,541,2026-03-27 22:04:27
天坛,0,全国,2024-05-11,日度,1,2024,1979,1416,563,2026-03-27 22:04:27
天坛,0,全国,2024-05-12,日度,1,2024,2064,1630,434,2026-03-27 22:04:27
天坛,0,全国,2024-05-13,日度,1,2024,1722,1175,547,2026-03-27 22:04:27
天坛,0,全国,2024-05-14,日度,1,2024,1796,1190,606,2026-03-27 22:04:27
天坛,0,全国,2024-05-15,日度,1,2024,1897,1354,543,2026-03-27 22:04:27
天坛,0,全国,2024-05-16,日度,1,2024,2049,1452,597,2026-03-27 22:04:27
天坛,0,全国,2024-05-17,日度,1,2024,1801,1274,527,2026-03-27 22:04:27
天坛,0,全国,2024-05-18,日度,1,2024,2309,1866,443,2026-03-27 22:04:27
天坛,0,全国,2024-05-19,日度,1,2024,2540,2022,518,2026-03-27 22:04:27
天坛,0,全国,2024-05-20,日度,1,2024,1938,1181,757,2026-03-27 22:04:27
天坛,0,全国,2024-05-21,日度,1,2024,1754,1157,597,2026-03-27 22:04:27
天坛,0,全国,2024-05-22,日度,1,2024,1862,1254,608,2026-03-27 22:04:27
天坛,0,全国,2024-05-23,日度,1,2024,1945,1343,602,2026-03-27 22:04:27
天坛,0,全国,2024-05-24,日度,1,2024,1726,1217,509,2026-03-27 22:04:27
天坛,0,全国,2024-05-25,日度,1,2024,2229,1747,482,2026-03-27 22:04:27
天坛,0,全国,2024-05-26,日度,1,2024,2617,2141,476,2026-03-27 22:04:27
天坛,0,全国,2024-05-27,日度,1,2024,1735,1115,620,2026-03-27 22:04:27
天坛,0,全国,2024-05-28,日度,1,2024,1599,1103,496,2026-03-27 22:04:27
天坛,0,全国,2024-05-29,日度,1,2024,1630,1027,603,2026-03-27 22:04:27
天坛,0,全国,2024-05-30,日度,1,2024,1690,1122,568,2026-03-27 22:04:27
天坛,0,全国,2024-05-31,日度,1,2024,1577,1058,519,2026-03-27 22:04:27
天坛,0,全国,2024-06-01,日度,1,2024,1585,1264,321,2026-03-27 22:04:31
天坛,0,全国,2024-06-02,日度,1,2024,1942,1581,361,2026-03-27 22:04:31
天坛,0,全国,2024-06-03,日度,1,2024,1583,1031,552,2026-03-27 22:04:31
天坛,0,全国,2024-06-04,日度,1,2024,1777,1209,568,2026-03-27 22:04:31
天坛,0,全国,2024-06-05,日度,1,2024,1581,1037,544,2026-03-27 22:04:31
天坛,0,全国,2024-06-06,日度,1,2024,1670,1138,532,2026-03-27 22:04:31
天坛,0,全国,2024-06-07,日度,1,2024,1468,1060,408,2026-03-27 22:04:31
天坛,0,全国,2024-06-08,日度,1,2024,1979,1706,273,2026-03-27 22:04:31
天坛,0,全国,2024-06-09,日度,1,2024,1798,1547,251,2026-03-27 22:04:31
天坛,0,全国,2024-06-10,日度,1,2024,1767,1457,310,2026-03-27 22:04:31
天坛,0,全国,2024-06-11,日度,1,2024,1483,999,484,2026-03-27 22:04:31
天坛,0,全国,2024-06-12,日度,1,2024,1531,994,537,2026-03-27 22:04:31
天坛,0,全国,2024-06-13,日度,1,2024,1482,970,512,2026-03-27 22:04:31
天坛,0,全国,2024-06-14,日度,1,2024,1509,1000,509,2026-03-27 22:04:31
天坛,0,全国,2024-06-15,日度,1,2024,1527,1270,257,2026-03-27 22:04:31
天坛,0,全国,2024-06-16,日度,1,2024,1607,1329,278,2026-03-27 22:04:31
天坛,0,全国,2024-06-17,日度,1,2024,1468,973,495,2026-03-27 22:04:31
天坛,0,全国,2024-06-18,日度,1,2024,1553,1069,484,2026-03-27 22:04:31
天坛,0,全国,2024-06-19,日度,1,2024,1651,1153,498,2026-03-27 22:04:31
天坛,0,全国,2024-06-20,日度,1,2024,1669,1196,473,2026-03-27 22:04:31
天坛,0,全国,2024-06-21,日度,1,2024,1779,1301,478,2026-03-27 22:04:31
天坛,0,全国,2024-06-22,日度,1,2024,1697,1461,236,2026-03-27 22:04:31
天坛,0,全国,2024-06-23,日度,1,2024,1704,1479,225,2026-03-27 22:04:31
天坛,0,全国,2024-06-24,日度,1,2024,1500,1055,445,2026-03-27 22:04:31
天坛,0,全国,2024-06-25,日度,1,2024,1456,1000,456,2026-03-27 22:04:31
天坛,0,全国,2024-06-26,日度,1,2024,1790,1257,533,2026-03-27 22:04:31
天坛,0,全国,2024-06-27,日度,1,2024,1708,1237,471,2026-03-27 22:04:31
天坛,0,全国,2024-06-28,日度,1,2024,1682,1226,456,2026-03-27 22:04:31
天坛,0,全国,2024-06-29,日度,1,2024,1924,1639,285,2026-03-27 22:04:31
天坛,0,全国,2024-06-30,日度,1,2024,1974,1679,295,2026-03-27 22:04:31
天坛,0,全国,2024-07-01,日度,1,2024,1595,1209,386,2026-03-27 22:04:31
天坛,0,全国,2024-07-02,日度,1,2024,1894,1494,400,2026-03-27 22:04:31
天坛,0,全国,2024-07-03,日度,1,2024,2039,1642,397,2026-03-27 22:04:31
天坛,0,全国,2024-07-04,日度,1,2024,1944,1538,406,2026-03-27 22:04:31
天坛,0,全国,2024-07-05,日度,1,2024,2026,1615,411,2026-03-27 22:04:31
天坛,0,全国,2024-07-06,日度,1,2024,2041,1770,271,2026-03-27 22:04:31
天坛,0,全国,2024-07-07,日度,1,2024,1999,1675,324,2026-03-27 22:04:31
天坛,0,全国,2024-07-08,日度,1,2024,1705,1220,485,2026-03-27 22:04:31
天坛,0,全国,2024-07-09,日度,1,2024,2084,1606,478,2026-03-27 22:04:31
天坛,0,全国,2024-07-10,日度,1,2024,2012,1578,434,2026-03-27 22:04:31
天坛,0,全国,2024-07-11,日度,1,2024,2024,1559,465,2026-03-27 22:04:31
天坛,0,全国,2024-07-12,日度,1,2024,1895,1490,405,2026-03-27 22:04:31
天坛,0,全国,2024-07-13,日度,1,2024,2127,1846,281,2026-03-27 22:04:31
天坛,0,全国,2024-07-14,日度,1,2024,2080,1862,218,2026-03-27 22:04:31
天坛,0,全国,2024-07-15,日度,1,2024,1955,1479,476,2026-03-27 22:04:31
天坛,0,全国,2024-07-16,日度,1,2024,2083,1649,434,2026-03-27 22:04:31
天坛,0,全国,2024-07-17,日度,1,2024,2184,1725,459,2026-03-27 22:04:31
天坛,0,全国,2024-07-18,日度,1,2024,2100,1661,439,2026-03-27 22:04:31
天坛,0,全国,2024-07-19,日度,1,2024,2005,1582,423,2026-03-27 22:04:31
天坛,0,全国,2024-07-20,日度,1,2024,2031,1755,276,2026-03-27 22:04:31
天坛,0,全国,2024-07-21,日度,1,2024,1962,1688,274,2026-03-27 22:04:31
天坛,0,全国,2024-07-22,日度,1,2024,1934,1501,433,2026-03-27 22:04:31
天坛,0,全国,2024-07-23,日度,1,2024,1935,1526,409,2026-03-27 22:04:31
天坛,0,全国,2024-07-24,日度,1,2024,1950,1513,437,2026-03-27 22:04:31
天坛,0,全国,2024-07-25,日度,1,2024,2062,1598,464,2026-03-27 22:04:31
天坛,0,全国,2024-07-26,日度,1,2024,1950,1541,409,2026-03-27 22:04:31
天坛,0,全国,2024-07-27,日度,1,2024,2134,1830,304,2026-03-27 22:04:31
天坛,0,全国,2024-07-28,日度,1,2024,1974,1638,336,2026-03-27 22:04:31
天坛,0,全国,2024-07-29,日度,1,2024,2079,1490,589,2026-03-27 22:04:31
天坛,0,全国,2024-07-30,日度,1,2024,1897,1457,440,2026-03-27 22:04:31
天坛,0,全国,2024-07-31,日度,1,2024,1931,1537,394,2026-03-27 22:04:31
天坛,0,全国,2024-08-01,日度,1,2024,1912,1507,405,2026-03-27 22:04:31
天坛,0,全国,2024-08-02,日度,1,2024,2063,1592,471,2026-03-27 22:04:31
天坛,0,全国,2024-08-03,日度,1,2024,2205,1918,287,2026-03-27 22:04:31
天坛,0,全国,2024-08-04,日度,1,2024,2115,1847,268,2026-03-27 22:04:31
天坛,0,全国,2024-08-05,日度,1,2024,1878,1425,453,2026-03-27 22:04:31
天坛,0,全国,2024-08-06,日度,1,2024,1963,1478,485,2026-03-27 22:04:31
天坛,0,全国,2024-08-07,日度,1,2024,2072,1594,478,2026-03-27 22:04:31
天坛,0,全国,2024-08-08,日度,1,2024,1855,1427,428,2026-03-27 22:04:31
天坛,0,全国,2024-08-09,日度,1,2024,1796,1359,437,2026-03-27 22:04:31
天坛,0,全国,2024-08-10,日度,1,2024,1879,1619,260,2026-03-27 22:04:31
天坛,0,全国,2024-08-11,日度,1,2024,1907,1648,259,2026-03-27 22:04:31
天坛,0,全国,2024-08-12,日度,1,2024,2046,1520,526,2026-03-27 22:04:31
天坛,0,全国,2024-08-13,日度,1,2024,2104,1574,530,2026-03-27 22:04:31
天坛,0,全国,2024-08-14,日度,1,2024,1954,1433,521,2026-03-27 22:04:31
天坛,0,全国,2024-08-15,日度,1,2024,2005,1495,510,2026-03-27 22:04:31
天坛,0,全国,2024-08-16,日度,1,2024,2020,1572,448,2026-03-27 22:04:31
天坛,0,全国,2024-08-17,日度,1,2024,1930,1645,285,2026-03-27 22:04:31
天坛,0,全国,2024-08-18,日度,1,2024,1992,1691,301,2026-03-27 22:04:31
天坛,0,全国,2024-08-19,日度,1,2024,2104,1524,580,2026-03-27 22:04:31
天坛,0,全国,2024-08-20,日度,1,2024,2137,1622,515,2026-03-27 22:04:31
天坛,0,全国,2024-08-21,日度,1,2024,2070,1628,442,2026-03-27 22:04:31
天坛,0,全国,2024-08-22,日度,1,2024,1987,1489,498,2026-03-27 22:04:31
天坛,0,全国,2024-08-23,日度,1,2024,2026,1579,447,2026-03-27 22:04:31
天坛,0,全国,2024-08-24,日度,1,2024,2123,1799,324,2026-03-27 22:04:31
天坛,0,全国,2024-08-25,日度,1,2024,1922,1634,288,2026-03-27 22:04:31
天坛,0,全国,2024-08-26,日度,1,2024,1794,1268,526,2026-03-27 22:04:31
天坛,0,全国,2024-08-27,日度,1,2024,2040,1482,558,2026-03-27 22:04:31
天坛,0,全国,2024-08-28,日度,1,2024,1918,1439,479,2026-03-27 22:04:31
天坛,0,全国,2024-08-29,日度,1,2024,1922,1390,532,2026-03-27 22:04:31
天坛,0,全国,2024-08-30,日度,1,2024,1776,1298,478,2026-03-27 22:04:31
天坛,0,全国,2024-08-31,日度,1,2024,1826,1460,366,2026-03-27 22:04:31
天坛,0,全国,2024-09-01,日度,1,2024,1501,1169,332,2026-03-27 22:04:31
天坛,0,全国,2024-09-02,日度,1,2024,1352,921,431,2026-03-27 22:04:31
天坛,0,全国,2024-09-03,日度,1,2024,1465,987,478,2026-03-27 22:04:31
天坛,0,全国,2024-09-04,日度,1,2024,1471,989,482,2026-03-27 22:04:31
天坛,0,全国,2024-09-05,日度,1,2024,1418,975,443,2026-03-27 22:04:31
天坛,0,全国,2024-09-06,日度,1,2024,1397,975,422,2026-03-27 22:04:31
天坛,0,全国,2024-09-07,日度,1,2024,1341,1067,274,2026-03-27 22:04:31
天坛,0,全国,2024-09-08,日度,1,2024,1523,1235,288,2026-03-27 22:04:31
天坛,0,全国,2024-09-09,日度,1,2024,1477,956,521,2026-03-27 22:04:31
天坛,0,全国,2024-09-10,日度,1,2024,1441,976,465,2026-03-27 22:04:31
天坛,0,全国,2024-09-11,日度,1,2024,1439,949,490,2026-03-27 22:04:31
天坛,0,全国,2024-09-12,日度,1,2024,1446,975,471,2026-03-27 22:04:31
天坛,0,全国,2024-09-13,日度,1,2024,1480,970,510,2026-03-27 22:04:31
天坛,0,全国,2024-09-14,日度,1,2024,1467,975,492,2026-03-27 22:04:31
天坛,0,全国,2024-09-15,日度,1,2024,1641,1399,242,2026-03-27 22:04:31
天坛,0,全国,2024-09-16,日度,1,2024,1874,1581,293,2026-03-27 22:04:31
天坛,0,全国,2024-09-17,日度,1,2024,1881,1593,288,2026-03-27 22:04:31
天坛,0,全国,2024-09-18,日度,1,2024,1667,999,668,2026-03-27 22:04:31
天坛,0,全国,2024-09-19,日度,1,2024,1557,997,560,2026-03-27 22:04:31
天坛,0,全国,2024-09-20,日度,1,2024,1462,974,488,2026-03-27 22:04:31
天坛,0,全国,2024-09-21,日度,1,2024,1730,1390,340,2026-03-27 22:04:31
天坛,0,全国,2024-09-22,日度,1,2024,2010,1653,357,2026-03-27 22:04:31
天坛,0,全国,2024-09-23,日度,1,2024,1675,1021,654,2026-03-27 22:04:31
天坛,0,全国,2024-09-24,日度,1,2024,1877,1198,679,2026-03-27 22:04:31
天坛,0,全国,2024-09-25,日度,1,2024,1976,1294,682,2026-03-27 22:04:31
天坛,0,全国,2024-09-26,日度,1,2024,2015,1319,696,2026-03-27 22:04:31
天坛,0,全国,2024-09-27,日度,1,2024,1866,1247,619,2026-03-27 22:04:31
天坛,0,全国,2024-09-28,日度,1,2024,2057,1655,402,2026-03-27 22:04:31
天坛,0,全国,2024-09-29,日度,1,2024,1983,1260,723,2026-03-27 22:04:31
天坛,0,全国,2024-09-30,日度,1,2024,1812,1213,599,2026-03-27 22:04:31
天坛,0,全国,2024-10-01,日度,1,2024,3480,3044,436,2026-03-27 22:04:31
天坛,0,全国,2024-10-02,日度,1,2024,3118,2791,327,2026-03-27 22:04:31
天坛,0,全国,2024-10-03,日度,1,2024,3084,2796,288,2026-03-27 22:04:31
天坛,0,全国,2024-10-04,日度,1,2024,2953,2644,309,2026-03-27 22:04:31
天坛,0,全国,2024-10-05,日度,1,2024,2684,2323,361,2026-03-27 22:04:31
天坛,0,全国,2024-10-06,日度,1,2024,2725,2288,437,2026-03-27 22:04:31
天坛,0,全国,2024-10-07,日度,1,2024,3047,2470,577,2026-03-27 22:04:31
天坛,0,全国,2024-10-08,日度,1,2024,1523,1016,507,2026-03-27 22:04:31
天坛,0,全国,2024-10-09,日度,1,2024,1469,999,470,2026-03-27 22:04:31
天坛,0,全国,2024-10-10,日度,1,2024,1505,1004,501,2026-03-27 22:04:31
天坛,0,全国,2024-10-11,日度,1,2024,1574,1058,516,2026-03-27 22:04:31
天坛,0,全国,2024-10-12,日度,1,2024,1600,1119,481,2026-03-27 22:04:31
天坛,0,全国,2024-10-13,日度,1,2024,1599,1283,316,2026-03-27 22:04:31
天坛,0,全国,2024-10-14,日度,1,2024,1509,983,526,2026-03-27 22:04:31
天坛,0,全国,2024-10-15,日度,1,2024,1493,1023,470,2026-03-27 22:04:31
天坛,0,全国,2024-10-16,日度,1,2024,1556,1064,492,2026-03-27 22:04:31
天坛,0,全国,2024-10-17,日度,1,2024,1497,993,504,2026-03-27 22:04:31
天坛,0,全国,2024-10-18,日度,1,2024,1484,1011,473,2026-03-27 22:04:31
天坛,0,全国,2024-10-19,日度,1,2024,1657,1370,287,2026-03-27 22:04:31
天坛,0,全国,2024-10-20,日度,1,2024,1566,1242,324,2026-03-27 22:04:31
天坛,0,全国,2024-10-21,日度,1,2024,1492,968,524,2026-03-27 22:04:31
天坛,0,全国,2024-10-22,日度,1,2024,1467,1000,467,2026-03-27 22:04:31
天坛,0,全国,2024-10-23,日度,1,2024,1600,1060,540,2026-03-27 22:04:31
天坛,0,全国,2024-10-24,日度,1,2024,1534,1055,479,2026-03-27 22:04:31
天坛,0,全国,2024-10-25,日度,1,2024,1468,1023,445,2026-03-27 22:04:31
天坛,0,全国,2024-10-26,日度,1,2024,1625,1298,327,2026-03-27 22:04:31
天坛,0,全国,2024-10-27,日度,1,2024,1617,1330,287,2026-03-27 22:04:31
天坛,0,全国,2024-10-28,日度,1,2024,1406,935,471,2026-03-27 22:04:31
天坛,0,全国,2024-10-29,日度,1,2024,1436,975,461,2026-03-27 22:04:31
天坛,0,全国,2024-10-30,日度,1,2024,1386,960,426,2026-03-27 22:04:31
天坛,0,全国,2024-10-31,日度,1,2024,1335,936,399,2026-03-27 22:04:31
天坛,0,全国,2024-11-01,日度,1,2024,1411,949,462,2026-03-27 22:04:31
天坛,0,全国,2024-11-02,日度,1,2024,1292,1085,207,2026-03-27 22:04:31
天坛,0,全国,2024-11-03,日度,1,2024,1374,1100,274,2026-03-27 22:04:31
天坛,0,全国,2024-11-04,日度,1,2024,1371,909,462,2026-03-27 22:04:31
天坛,0,全国,2024-11-05,日度,1,2024,1332,937,395,2026-03-27 22:04:31
天坛,0,全国,2024-11-06,日度,1,2024,1354,942,412,2026-03-27 22:04:31
天坛,0,全国,2024-11-07,日度,1,2024,1331,948,383,2026-03-27 22:04:31
天坛,0,全国,2024-11-08,日度,1,2024,1317,951,366,2026-03-27 22:04:31
天坛,0,全国,2024-11-09,日度,1,2024,1403,1129,274,2026-03-27 22:04:31
天坛,0,全国,2024-11-10,日度,1,2024,1415,1145,270,2026-03-27 22:04:31
天坛,0,全国,2024-11-11,日度,1,2024,1356,928,428,2026-03-27 22:04:31
天坛,0,全国,2024-11-12,日度,1,2024,1522,959,563,2026-03-27 22:04:31
天坛,0,全国,2024-11-13,日度,1,2024,1368,942,426,2026-03-27 22:04:31
天坛,0,全国,2024-11-14,日度,1,2024,1415,950,465,2026-03-27 22:04:31
天坛,0,全国,2024-11-15,日度,1,2024,1313,963,350,2026-03-27 22:04:31
天坛,0,全国,2024-11-16,日度,1,2024,1442,1169,273,2026-03-27 22:04:31
天坛,0,全国,2024-11-17,日度,1,2024,1497,1182,315,2026-03-27 22:04:31
天坛,0,全国,2024-11-18,日度,1,2024,1377,929,448,2026-03-27 22:04:31
天坛,0,全国,2024-11-19,日度,1,2024,1419,937,482,2026-03-27 22:04:31
天坛,0,全国,2024-11-20,日度,1,2024,1408,965,443,2026-03-27 22:04:31
天坛,0,全国,2024-11-21,日度,1,2024,1432,964,468,2026-03-27 22:04:31
天坛,0,全国,2024-11-22,日度,1,2024,1332,916,416,2026-03-27 22:04:31
天坛,0,全国,2024-11-23,日度,1,2024,1353,1093,260,2026-03-27 22:04:31
天坛,0,全国,2024-11-24,日度,1,2024,1417,1090,327,2026-03-27 22:04:31
天坛,0,全国,2024-11-25,日度,1,2024,1516,948,568,2026-03-27 22:04:31
天坛,0,全国,2024-11-26,日度,1,2024,1451,966,485,2026-03-27 22:04:31
天坛,0,全国,2024-11-27,日度,1,2024,1492,969,523,2026-03-27 22:04:31
天坛,0,全国,2024-11-28,日度,1,2024,1452,948,504,2026-03-27 22:04:31
天坛,0,全国,2024-11-29,日度,1,2024,1392,942,450,2026-03-27 22:04:31
天坛,0,全国,2024-11-30,日度,1,2024,1486,1196,290,2026-03-27 22:04:31
天坛,0,全国,2024-12-01,日度,1,2024,1418,1140,278,2026-03-27 22:04:31
天坛,0,全国,2024-12-02,日度,1,2024,1408,937,471,2026-03-27 22:04:31
天坛,0,全国,2024-12-03,日度,1,2024,1395,934,461,2026-03-27 22:04:31
天坛,0,全国,2024-12-04,日度,1,2024,1411,946,465,2026-03-27 22:04:31
天坛,0,全国,2024-12-05,日度,1,2024,1433,934,499,2026-03-27 22:04:31
天坛,0,全国,2024-12-06,日度,1,2024,1313,919,394,2026-03-27 22:04:31
天坛,0,全国,2024-12-07,日度,1,2024,1224,990,234,2026-03-27 22:04:31
天坛,0,全国,2024-12-08,日度,1,2024,1255,984,271,2026-03-27 22:04:31
天坛,0,全国,2024-12-09,日度,1,2024,1359,903,456,2026-03-27 22:04:31
天坛,0,全国,2024-12-10,日度,1,2024,1382,906,476,2026-03-27 22:04:31
天坛,0,全国,2024-12-11,日度,1,2024,1353,905,448,2026-03-27 22:04:31
天坛,0,全国,2024-12-12,日度,1,2024,1362,903,459,2026-03-27 22:04:31
天坛,0,全国,2024-12-13,日度,1,2024,1336,885,451,2026-03-27 22:04:31
天坛,0,全国,2024-12-14,日度,1,2024,1228,969,259,2026-03-27 22:04:31
天坛,0,全国,2024-12-15,日度,1,2024,1294,1010,284,2026-03-27 22:04:31
天坛,0,全国,2024-12-16,日度,1,2024,1396,894,502,2026-03-27 22:04:31
天坛,0,全国,2024-12-17,日度,1,2024,1394,907,487,2026-03-27 22:04:31
天坛,0,全国,2024-12-18,日度,1,2024,1406,918,488,2026-03-27 22:04:31
天坛,0,全国,2024-12-19,日度,1,2024,1288,905,383,2026-03-27 22:04:31
天坛,0,全国,2024-12-20,日度,1,2024,1262,887,375,2026-03-27 22:04:31
天坛,0,全国,2024-12-21,日度,1,2024,1206,947,259,2026-03-27 22:04:31
天坛,0,全国,2024-12-22,日度,1,2024,1220,956,264,2026-03-27 22:04:31
天坛,0,全国,2024-12-23,日度,1,2024,1321,896,425,2026-03-27 22:04:31
天坛,0,全国,2024-12-24,日度,1,2024,1218,880,338,2026-03-27 22:04:31
天坛,0,全国,2024-12-25,日度,1,2024,1307,910,397,2026-03-27 22:04:31
天坛,0,全国,2024-12-26,日度,1,2024,1212,903,309,2026-03-27 22:04:31
天坛,0,全国,2024-12-27,日度,1,2024,1279,919,360,2026-03-27 22:04:31
天坛,0,全国,2024-12-28,日度,1,2024,1731,1446,285,2026-03-27 22:04:31
天坛,0,全国,2024-12-29,日度,1,2024,1780,1544,236,2026-03-27 22:04:31
天坛,0,全国,2024-12-30,日度,1,2024,1803,1454,349,2026-03-27 22:04:31
天坛,0,全国,2024-12-31,日度,1,2024,1588,1270,318,2026-03-27 22:04:31
天坛,0,全国,2025-01-01,日度,1,2025,1619,1435,184,2026-03-27 22:04:31
天坛,0,全国,2025-01-02,日度,1,2025,1528,1165,363,2026-03-27 22:04:31
天坛,0,全国,2025-01-03,日度,1,2025,1648,1319,329,2026-03-27 22:04:31
天坛,0,全国,2025-01-04,日度,1,2025,1893,1685,208,2026-03-27 22:04:31
天坛,0,全国,2025-01-05,日度,1,2025,1872,1649,223,2026-03-27 22:04:31
天坛,0,全国,2025-01-06,日度,1,2025,1813,1509,304,2026-03-27 22:04:31
天坛,0,全国,2025-01-07,日度,1,2025,1735,1445,290,2026-03-27 22:04:31
天坛,0,全国,2025-01-08,日度,1,2025,1782,1428,354,2026-03-27 22:04:31
天坛,0,全国,2025-01-09,日度,1,2025,1969,1681,288,2026-03-27 22:04:31
天坛,0,全国,2025-01-10,日度,1,2025,2287,1963,324,2026-03-27 22:04:31
天坛,0,全国,2025-01-11,日度,1,2025,3386,3167,219,2026-03-27 22:04:31
天坛,0,全国,2025-01-12,日度,1,2025,2353,2146,207,2026-03-27 22:04:31
天坛,0,全国,2025-01-13,日度,1,2025,1515,1203,312,2026-03-27 22:04:31
天坛,0,全国,2025-01-14,日度,1,2025,1803,1418,385,2026-03-27 22:04:31
天坛,0,全国,2025-01-15,日度,1,2025,2184,1823,361,2026-03-27 22:04:31
天坛,0,全国,2025-01-16,日度,1,2025,2390,2016,374,2026-03-27 22:04:31
天坛,0,全国,2025-01-17,日度,1,2025,2120,1799,321,2026-03-27 22:04:31
天坛,0,全国,2025-01-18,日度,1,2025,2074,1832,242,2026-03-27 22:04:31
天坛,0,全国,2025-01-19,日度,1,2025,1691,1490,201,2026-03-27 22:04:31
天坛,0,全国,2025-01-20,日度,1,2025,1367,986,381,2026-03-27 22:04:31
天坛,0,全国,2025-01-21,日度,1,2025,1552,1200,352,2026-03-27 22:04:31
天坛,0,全国,2025-01-22,日度,1,2025,1528,1190,338,2026-03-27 22:04:31
天坛,0,全国,2025-01-23,日度,1,2025,1504,1181,323,2026-03-27 22:04:31
天坛,0,全国,2025-01-24,日度,1,2025,1665,1401,264,2026-03-27 22:04:31
天坛,0,全国,2025-01-25,日度,1,2025,1871,1688,183,2026-03-27 22:04:31
天坛,0,全国,2025-01-26,日度,1,2025,1631,1416,215,2026-03-27 22:04:31
天坛,0,全国,2025-01-27,日度,1,2025,1204,1018,186,2026-03-27 22:04:31
天坛,0,全国,2025-01-28,日度,1,2025,1534,1386,148,2026-03-27 22:04:31
天坛,0,全国,2025-01-29,日度,1,2025,1919,1762,157,2026-03-27 22:04:31
天坛,0,全国,2025-01-30,日度,1,2025,2230,2076,154,2026-03-27 22:04:31
天坛,0,全国,2025-01-31,日度,1,2025,2538,2363,175,2026-03-27 22:04:31
天坛,0,全国,2025-02-01,日度,1,2025,2725,2555,170,2026-03-27 22:04:31
天坛,0,全国,2025-02-02,日度,1,2025,2535,2377,158,2026-03-27 22:04:31
天坛,0,全国,2025-02-03,日度,1,2025,1952,1780,172,2026-03-27 22:04:31
天坛,0,全国,2025-02-04,日度,1,2025,1893,1656,237,2026-03-27 22:04:31
天坛,0,全国,2025-02-05,日度,1,2025,1867,1546,321,2026-03-27 22:04:31
天坛,0,全国,2025-02-06,日度,1,2025,1879,1543,336,2026-03-27 22:04:31
天坛,0,全国,2025-02-07,日度,1,2025,1734,1365,369,2026-03-27 22:04:31
天坛,0,全国,2025-02-08,日度,1,2025,1816,1467,349,2026-03-27 22:04:31
天坛,0,全国,2025-02-09,日度,1,2025,1793,1539,254,2026-03-27 22:04:31
天坛,0,全国,2025-02-10,日度,1,2025,1865,1459,406,2026-03-27 22:04:31
天坛,0,全国,2025-02-11,日度,1,2025,1948,1518,430,2026-03-27 22:04:31
天坛,0,全国,2025-02-12,日度,1,2025,1880,1446,434,2026-03-27 22:04:31
天坛,0,全国,2025-02-13,日度,1,2025,1993,1553,440,2026-03-27 22:04:31
天坛,0,全国,2025-02-14,日度,1,2025,1978,1562,416,2026-03-27 22:04:31
天坛,0,全国,2025-02-15,日度,1,2025,2195,1883,312,2026-03-27 22:04:31
天坛,0,全国,2025-02-16,日度,1,2025,2003,1722,281,2026-03-27 22:04:31
天坛,0,全国,2025-02-17,日度,1,2025,1728,1347,381,2026-03-27 22:04:31
天坛,0,全国,2025-02-18,日度,1,2025,1866,1435,431,2026-03-27 22:04:31
天坛,0,全国,2025-02-19,日度,1,2025,1949,1479,470,2026-03-27 22:04:31
天坛,0,全国,2025-02-20,日度,1,2025,2141,1663,478,2026-03-27 22:04:31
天坛,0,全国,2025-02-21,日度,1,2025,1826,1445,381,2026-03-27 22:04:31
天坛,0,全国,2025-02-22,日度,1,2025,2001,1753,248,2026-03-27 22:04:31
天坛,0,全国,2025-02-23,日度,1,2025,2033,1763,270,2026-03-27 22:04:31
天坛,0,全国,2025-02-24,日度,1,2025,2216,1855,361,2026-03-27 22:04:31
天坛,0,全国,2025-02-25,日度,1,2025,2008,1599,409,2026-03-27 22:04:31
天坛,0,全国,2025-02-26,日度,1,2025,1542,1185,357,2026-03-27 22:04:31
天坛,0,全国,2025-02-27,日度,1,2025,1526,1109,417,2026-03-27 22:04:31
天坛,0,全国,2025-02-28,日度,1,2025,1335,992,343,2026-03-27 22:04:31
天坛,0,全国,2025-03-01,日度,1,2025,1394,1175,219,2026-03-27 22:04:31
天坛,0,全国,2025-03-02,日度,1,2025,1259,1034,225,2026-03-27 22:04:31
天坛,0,全国,2025-03-03,日度,1,2025,1324,970,354,2026-03-27 22:04:31
天坛,0,全国,2025-03-04,日度,1,2025,1368,974,394,2026-03-27 22:04:31
天坛,0,全国,2025-03-05,日度,1,2025,1350,990,360,2026-03-27 22:04:31
天坛,0,全国,2025-03-06,日度,1,2025,1400,998,402,2026-03-27 22:04:31
天坛,0,全国,2025-03-07,日度,1,2025,1289,937,352,2026-03-27 22:04:31
天坛,0,全国,2025-03-08,日度,1,2025,1376,1150,226,2026-03-27 22:04:31
天坛,0,全国,2025-03-09,日度,1,2025,1380,1165,215,2026-03-27 22:04:31
天坛,0,全国,2025-03-10,日度,1,2025,1311,948,363,2026-03-27 22:04:31
天坛,0,全国,2025-03-11,日度,1,2025,1311,964,347,2026-03-27 22:04:31
天坛,0,全国,2025-03-12,日度,1,2025,1291,947,344,2026-03-27 22:04:31
天坛,0,全国,2025-03-13,日度,1,2025,1309,948,361,2026-03-27 22:04:31
天坛,0,全国,2025-03-14,日度,1,2025,1303,942,361,2026-03-27 22:04:31
天坛,0,全国,2025-03-15,日度,1,2025,1206,987,219,2026-03-27 22:04:31
天坛,0,全国,2025-03-16,日度,1,2025,1406,1150,256,2026-03-27 22:04:31
天坛,0,全国,2025-03-17,日度,1,2025,1339,925,414,2026-03-27 22:04:31
天坛,0,全国,2025-03-18,日度,1,2025,1358,969,389,2026-03-27 22:04:31
天坛,0,全国,2025-03-19,日度,1,2025,1364,986,378,2026-03-27 22:04:31
天坛,0,全国,2025-03-20,日度,1,2025,1368,966,402,2026-03-27 22:04:31
天坛,0,全国,2025-03-21,日度,1,2025,1435,990,445,2026-03-27 22:04:31
天坛,0,全国,2025-03-22,日度,1,2025,1635,1401,234,2026-03-27 22:04:31
天坛,0,全国,2025-03-23,日度,1,2025,1498,1244,254,2026-03-27 22:04:31
天坛,0,全国,2025-03-24,日度,1,2025,1355,970,385,2026-03-27 22:04:31
天坛,0,全国,2025-03-25,日度,1,2025,1352,985,367,2026-03-27 22:04:31
天坛,0,全国,2025-03-26,日度,1,2025,1337,983,354,2026-03-27 22:04:31
天坛,0,全国,2025-03-27,日度,1,2025,1363,963,400,2026-03-27 22:04:31
天坛,0,全国,2025-03-28,日度,1,2025,1276,952,324,2026-03-27 22:04:31
天坛,0,全国,2025-03-29,日度,1,2025,1335,1096,239,2026-03-27 22:04:31
天坛,0,全国,2025-03-30,日度,1,2025,1418,1206,212,2026-03-27 22:04:31
天坛,0,全国,2025-03-31,日度,1,2025,1292,903,389,2026-03-27 22:04:31
天坛,0,全国,2025-04-01,日度,1,2025,1307,953,354,2026-03-27 22:04:31
天坛,0,全国,2025-04-02,日度,1,2025,1306,940,366,2026-03-27 22:04:31
天坛,0,全国,2025-04-03,日度,1,2025,1278,969,309,2026-03-27 22:04:31
天坛,0,全国,2025-04-04,日度,1,2025,1682,1489,193,2026-03-27 22:04:31
天坛,0,全国,2025-04-05,日度,1,2025,1765,1537,228,2026-03-27 22:04:31
天坛,0,全国,2025-04-06,日度,1,2025,1532,1289,243,2026-03-27 22:04:31
天坛,0,全国,2025-04-07,日度,1,2025,1350,939,411,2026-03-27 22:04:31
天坛,0,全国,2025-04-08,日度,1,2025,1335,952,383,2026-03-27 22:04:31
天坛,0,全国,2025-04-09,日度,1,2025,1277,964,313,2026-03-27 22:04:31
天坛,0,全国,2025-04-10,日度,1,2025,1326,949,377,2026-03-27 22:04:31
天坛,0,全国,2025-04-11,日度,1,2025,1269,929,340,2026-03-27 22:04:31
天坛,0,全国,2025-04-12,日度,1,2025,1202,952,250,2026-03-27 22:04:31
天坛,0,全国,2025-04-13,日度,1,2025,1340,1084,256,2026-03-27 22:04:31
天坛,0,全国,2025-04-14,日度,1,2025,1370,940,430,2026-03-27 22:04:31
天坛,0,全国,2025-04-15,日度,1,2025,1386,974,412,2026-03-27 22:04:31
天坛,0,全国,2025-04-16,日度,1,2025,1392,976,416,2026-03-27 22:04:31
天坛,0,全国,2025-04-17,日度,1,2025,1429,972,457,2026-03-27 22:04:31
天坛,0,全国,2025-04-18,日度,1,2025,1311,957,354,2026-03-27 22:04:31
天坛,0,全国,2025-04-19,日度,1,2025,1482,1267,215,2026-03-27 22:04:31
天坛,0,全国,2025-04-20,日度,1,2025,1485,1272,213,2026-03-27 22:04:31
天坛,0,全国,2025-04-21,日度,1,2025,1360,946,414,2026-03-27 22:04:31
天坛,0,全国,2025-04-22,日度,1,2025,1311,984,327,2026-03-27 22:04:31
天坛,0,全国,2025-04-23,日度,1,2025,1365,1025,340,2026-03-27 22:04:31
天坛,0,全国,2025-04-24,日度,1,2025,1356,992,364,2026-03-27 22:04:31
天坛,0,全国,2025-04-25,日度,1,2025,1367,1021,346,2026-03-27 22:04:31
天坛,0,全国,2025-04-26,日度,1,2025,1509,1266,243,2026-03-27 22:04:31
天坛,0,全国,2025-04-27,日度,1,2025,1448,1048,400,2026-03-27 22:04:31
天坛,0,全国,2025-04-28,日度,1,2025,1324,958,366,2026-03-27 22:04:31
天坛,0,全国,2025-04-29,日度,1,2025,1361,986,375,2026-03-27 22:04:31
天坛,0,全国,2025-04-30,日度,1,2025,1398,1057,341,2026-03-27 22:04:31
天坛,0,全国,2025-05-01,日度,1,2025,1890,1688,202,2026-03-27 22:04:31
天坛,0,全国,2025-05-02,日度,1,2025,2280,2101,179,2026-03-27 22:04:31
天坛,0,全国,2025-05-03,日度,1,2025,2188,1986,202,2026-03-27 22:04:31
天坛,0,全国,2025-05-04,日度,1,2025,1849,1609,240,2026-03-27 22:04:31
天坛,0,全国,2025-05-05,日度,1,2025,1702,1432,270,2026-03-27 22:04:31
天坛,0,全国,2025-05-06,日度,1,2025,1330,967,363,2026-03-27 22:04:31
天坛,0,全国,2025-05-07,日度,1,2025,1405,982,423,2026-03-27 22:04:31
天坛,0,全国,2025-05-08,日度,1,2025,1406,990,416,2026-03-27 22:04:31
天坛,0,全国,2025-05-09,日度,1,2025,1256,935,321,2026-03-27 22:04:31
天坛,0,全国,2025-05-10,日度,1,2025,1460,1203,257,2026-03-27 22:04:31
天坛,0,全国,2025-05-11,日度,1,2025,1553,1285,268,2026-03-27 22:04:31
天坛,0,全国,2025-05-12,日度,1,2025,1318,951,367,2026-03-27 22:04:31
天坛,0,全国,2025-05-13,日度,1,2025,1338,998,340,2026-03-27 22:04:31
天坛,0,全国,2025-05-14,日度,1,2025,1412,995,417,2026-03-27 22:04:31
天坛,0,全国,2025-05-15,日度,1,2025,1450,1044,406,2026-03-27 22:04:31
天坛,0,全国,2025-05-16,日度,1,2025,1386,994,392,2026-03-27 22:04:31
天坛,0,全国,2025-05-17,日度,1,2025,1675,1405,270,2026-03-27 22:04:31
天坛,0,全国,2025-05-18,日度,1,2025,1805,1461,344,2026-03-27 22:04:31
天坛,0,全国,2025-05-19,日度,1,2025,1384,970,414,2026-03-27 22:04:31
天坛,0,全国,2025-05-20,日度,1,2025,1314,982,332,2026-03-27 22:04:31
天坛,0,全国,2025-05-21,日度,1,2025,1291,986,305,2026-03-27 22:04:31
天坛,0,全国,2025-05-22,日度,1,2025,1382,976,406,2026-03-27 22:04:31
天坛,0,全国,2025-05-23,日度,1,2025,1335,963,372,2026-03-27 22:04:31
天坛,0,全国,2025-05-24,日度,1,2025,1557,1253,304,2026-03-27 22:04:31
天坛,0,全国,2025-05-25,日度,1,2025,1661,1371,290,2026-03-27 22:04:31
天坛,0,全国,2025-05-26,日度,1,2025,1285,955,330,2026-03-27 22:04:31
天坛,0,全国,2025-05-27,日度,1,2025,1315,941,374,2026-03-27 22:04:31
天坛,0,全国,2025-05-28,日度,1,2025,1280,951,329,2026-03-27 22:04:31
天坛,0,全国,2025-05-29,日度,1,2025,1253,943,310,2026-03-27 22:04:31
天坛,0,全国,2025-05-30,日度,1,2025,1164,913,251,2026-03-27 22:04:31
天坛,0,全国,2025-05-31,日度,1,2025,1290,1104,186,2026-03-27 22:04:31
天坛,0,全国,2025-06-01,日度,1,2025,1425,1257,168,2026-03-27 22:04:35
天坛,0,全国,2025-06-02,日度,1,2025,1386,1124,262,2026-03-27 22:04:35
天坛,0,全国,2025-06-03,日度,1,2025,1257,927,330,2026-03-27 22:04:35
天坛,0,全国,2025-06-04,日度,1,2025,1220,932,288,2026-03-27 22:04:35
天坛,0,全国,2025-06-05,日度,1,2025,1273,935,338,2026-03-27 22:04:35
天坛,0,全国,2025-06-06,日度,1,2025,1303,928,375,2026-03-27 22:04:35
天坛,0,全国,2025-06-07,日度,1,2025,1200,987,213,2026-03-27 22:04:35
天坛,0,全国,2025-06-08,日度,1,2025,1222,1020,202,2026-03-27 22:04:35
天坛,0,全国,2025-06-09,日度,1,2025,1242,918,324,2026-03-27 22:04:35
天坛,0,全国,2025-06-10,日度,1,2025,1257,910,347,2026-03-27 22:04:35
天坛,0,全国,2025-06-11,日度,1,2025,1190,903,287,2026-03-27 22:04:35
天坛,0,全国,2025-06-12,日度,1,2025,1215,916,299,2026-03-27 22:04:35
天坛,0,全国,2025-06-13,日度,1,2025,1226,916,310,2026-03-27 22:04:35
天坛,0,全国,2025-06-14,日度,1,2025,1145,945,200,2026-03-27 22:04:35
天坛,0,全国,2025-06-15,日度,1,2025,1243,1053,190,2026-03-27 22:04:35
天坛,0,全国,2025-06-16,日度,1,2025,1224,934,290,2026-03-27 22:04:35
天坛,0,全国,2025-06-17,日度,1,2025,1247,959,288,2026-03-27 22:04:35
天坛,0,全国,2025-06-18,日度,1,2025,1269,959,310,2026-03-27 22:04:35
天坛,0,全国,2025-06-19,日度,1,2025,1228,941,287,2026-03-27 22:04:35
天坛,0,全国,2025-06-20,日度,1,2025,1224,950,274,2026-03-27 22:04:35
天坛,0,全国,2025-06-21,日度,1,2025,1228,1049,179,2026-03-27 22:04:35
天坛,0,全国,2025-06-22,日度,1,2025,1199,999,200,2026-03-27 22:04:35
天坛,0,全国,2025-06-23,日度,1,2025,1211,906,305,2026-03-27 22:04:35
天坛,0,全国,2025-06-24,日度,1,2025,1223,919,304,2026-03-27 22:04:35
天坛,0,全国,2025-06-25,日度,1,2025,1206,932,274,2026-03-27 22:04:35
天坛,0,全国,2025-06-26,日度,1,2025,1163,935,228,2026-03-27 22:04:35
天坛,0,全国,2025-06-27,日度,1,2025,1262,967,295,2026-03-27 22:04:35
天坛,0,全国,2025-06-28,日度,1,2025,1246,1076,170,2026-03-27 22:04:35
天坛,0,全国,2025-06-29,日度,1,2025,1204,1018,186,2026-03-27 22:04:35
天坛,0,全国,2025-06-30,日度,1,2025,1187,914,273,2026-03-27 22:04:35
天坛,0,全国,2025-07-01,日度,1,2025,1264,977,287,2026-03-27 22:04:35
天坛,0,全国,2025-07-02,日度,1,2025,1221,953,268,2026-03-27 22:04:35
天坛,0,全国,2025-07-03,日度,1,2025,1207,954,253,2026-03-27 22:04:35
天坛,0,全国,2025-07-04,日度,1,2025,1197,964,233,2026-03-27 22:04:35
天坛,0,全国,2025-07-05,日度,1,2025,1231,1043,188,2026-03-27 22:04:35
天坛,0,全国,2025-07-06,日度,1,2025,1219,1056,163,2026-03-27 22:04:35
天坛,0,全国,2025-07-07,日度,1,2025,1217,963,254,2026-03-27 22:04:35
天坛,0,全国,2025-07-08,日度,1,2025,1245,975,270,2026-03-27 22:04:35
天坛,0,全国,2025-07-09,日度,1,2025,1246,984,262,2026-03-27 22:04:35
天坛,0,全国,2025-07-10,日度,1,2025,1207,976,231,2026-03-27 22:04:35
天坛,0,全国,2025-07-11,日度,1,2025,1303,994,309,2026-03-27 22:04:35
天坛,0,全国,2025-07-12,日度,1,2025,1200,1037,163,2026-03-27 22:04:35
天坛,0,全国,2025-07-13,日度,1,2025,1130,991,139,2026-03-27 22:04:35
天坛,0,全国,2025-07-14,日度,1,2025,1182,951,231,2026-03-27 22:04:35
天坛,0,全国,2025-07-15,日度,1,2025,1278,1022,256,2026-03-27 22:04:35
天坛,0,全国,2025-07-16,日度,1,2025,1230,997,233,2026-03-27 22:04:35
天坛,0,全国,2025-07-17,日度,1,2025,1242,991,251,2026-03-27 22:04:35
天坛,0,全国,2025-07-18,日度,1,2025,1216,959,257,2026-03-27 22:04:35
天坛,0,全国,2025-07-19,日度,1,2025,1188,1018,170,2026-03-27 22:04:35
天坛,0,全国,2025-07-20,日度,1,2025,1159,1002,157,2026-03-27 22:04:35
天坛,0,全国,2025-07-21,日度,1,2025,1238,967,271,2026-03-27 22:04:35
天坛,0,全国,2025-07-22,日度,1,2025,1202,923,279,2026-03-27 22:04:35
天坛,0,全国,2025-07-23,日度,1,2025,1219,959,260,2026-03-27 22:04:35
天坛,0,全国,2025-07-24,日度,1,2025,1194,965,229,2026-03-27 22:04:35
天坛,0,全国,2025-07-25,日度,1,2025,1262,980,282,2026-03-27 22:04:35
天坛,0,全国,2025-07-26,日度,1,2025,1244,1072,172,2026-03-27 22:04:35
天坛,0,全国,2025-07-27,日度,1,2025,1228,1069,159,2026-03-27 22:04:35
天坛,0,全国,2025-07-28,日度,1,2025,1359,1083,276,2026-03-27 22:04:35
天坛,0,全国,2025-07-29,日度,1,2025,1271,1029,242,2026-03-27 22:04:35
天坛,0,全国,2025-07-30,日度,1,2025,1261,965,296,2026-03-27 22:04:35
天坛,0,全国,2025-07-31,日度,1,2025,1244,979,265,2026-03-27 22:04:35
天坛,0,全国,2025-08-01,日度,1,2025,1219,988,231,2026-03-27 22:04:35
天坛,0,全国,2025-08-02,日度,1,2025,1345,1191,154,2026-03-27 22:04:35
天坛,0,全国,2025-08-03,日度,1,2025,1225,1067,158,2026-03-27 22:04:35
天坛,0,全国,2025-08-04,日度,1,2025,1481,1182,299,2026-03-27 22:04:35
天坛,0,全国,2025-08-05,日度,1,2025,1388,1098,290,2026-03-27 22:04:35
天坛,0,全国,2025-08-06,日度,1,2025,1276,1011,265,2026-03-27 22:04:35
天坛,0,全国,2025-08-07,日度,1,2025,1257,1006,251,2026-03-27 22:04:35
天坛,0,全国,2025-08-08,日度,1,2025,1299,1034,265,2026-03-27 22:04:35
天坛,0,全国,2025-08-09,日度,1,2025,1559,1386,173,2026-03-27 22:04:35
天坛,0,全国,2025-08-10,日度,1,2025,1463,1288,175,2026-03-27 22:04:35
天坛,0,全国,2025-08-11,日度,1,2025,1354,1103,251,2026-03-27 22:04:35
天坛,0,全国,2025-08-12,日度,1,2025,1469,1156,313,2026-03-27 22:04:35
天坛,0,全国,2025-08-13,日度,1,2025,1392,1150,242,2026-03-27 22:04:35
天坛,0,全国,2025-08-14,日度,1,2025,1359,1095,264,2026-03-27 22:04:35
天坛,0,全国,2025-08-15,日度,1,2025,1397,1124,273,2026-03-27 22:04:35
天坛,0,全国,2025-08-16,日度,1,2025,1430,1244,186,2026-03-27 22:04:35
天坛,0,全国,2025-08-17,日度,1,2025,1385,1217,168,2026-03-27 22:04:35
天坛,0,全国,2025-08-18,日度,1,2025,1362,1072,290,2026-03-27 22:04:35
天坛,0,全国,2025-08-19,日度,1,2025,1305,1010,295,2026-03-27 22:04:35
天坛,0,全国,2025-08-20,日度,1,2025,1328,1071,257,2026-03-27 22:04:35
天坛,0,全国,2025-08-21,日度,1,2025,1393,1117,276,2026-03-27 22:04:35
天坛,0,全国,2025-08-22,日度,1,2025,1426,1158,268,2026-03-27 22:04:35
天坛,0,全国,2025-08-23,日度,1,2025,1232,1073,159,2026-03-27 22:04:35
天坛,0,全国,2025-08-24,日度,1,2025,1194,1004,190,2026-03-27 22:04:35
天坛,0,全国,2025-08-25,日度,1,2025,1264,969,295,2026-03-27 22:04:35
天坛,0,全国,2025-08-26,日度,1,2025,1214,947,267,2026-03-27 22:04:35
天坛,0,全国,2025-08-27,日度,1,2025,1171,926,245,2026-03-27 22:04:35
天坛,0,全国,2025-08-28,日度,1,2025,1261,960,301,2026-03-27 22:04:35
天坛,0,全国,2025-08-29,日度,1,2025,1181,944,237,2026-03-27 22:04:35
天坛,0,全国,2025-08-30,日度,1,2025,1215,997,218,2026-03-27 22:04:35
天坛,0,全国,2025-08-31,日度,1,2025,1128,941,187,2026-03-27 22:04:35
天坛,0,全国,2025-09-01,日度,1,2025,1110,857,253,2026-03-27 22:04:35
天坛,0,全国,2025-09-02,日度,1,2025,1200,899,301,2026-03-27 22:04:35
天坛,0,全国,2025-09-03,日度,1,2025,8705,7355,1350,2026-03-27 22:04:35
天坛,0,全国,2025-09-04,日度,1,2025,2496,1955,541,2026-03-27 22:04:35
天坛,0,全国,2025-09-05,日度,1,2025,1668,1242,426,2026-03-27 22:04:35
天坛,0,全国,2025-09-06,日度,1,2025,1718,1499,219,2026-03-27 22:04:35
天坛,0,全国,2025-09-07,日度,1,2025,1530,1270,260,2026-03-27 22:04:35
天坛,0,全国,2025-09-08,日度,1,2025,1283,962,321,2026-03-27 22:04:35
天坛,0,全国,2025-09-09,日度,1,2025,1629,1296,333,2026-03-27 22:04:35
天坛,0,全国,2025-09-10,日度,1,2025,1652,1295,357,2026-03-27 22:04:35
天坛,0,全国,2025-09-11,日度,1,2025,1459,1135,324,2026-03-27 22:04:35
天坛,0,全国,2025-09-12,日度,1,2025,1278,949,329,2026-03-27 22:04:35
天坛,0,全国,2025-09-13,日度,1,2025,1825,1650,175,2026-03-27 22:04:35
天坛,0,全国,2025-09-14,日度,1,2025,1752,1559,193,2026-03-27 22:04:35
天坛,0,全国,2025-09-15,日度,1,2025,1367,1032,335,2026-03-27 22:04:35
天坛,0,全国,2025-09-16,日度,1,2025,1299,980,319,2026-03-27 22:04:35
天坛,0,全国,2025-09-17,日度,1,2025,1275,968,307,2026-03-27 22:04:35
天坛,0,全国,2025-09-18,日度,1,2025,1302,972,330,2026-03-27 22:04:35
天坛,0,全国,2025-09-19,日度,1,2025,1260,959,301,2026-03-27 22:04:35
天坛,0,全国,2025-09-20,日度,1,2025,1459,1259,200,2026-03-27 22:04:35
天坛,0,全国,2025-09-21,日度,1,2025,1633,1405,228,2026-03-27 22:04:35
天坛,0,全国,2025-09-22,日度,1,2025,1304,957,347,2026-03-27 22:04:35
天坛,0,全国,2025-09-23,日度,1,2025,1331,991,340,2026-03-27 22:04:35
天坛,0,全国,2025-09-24,日度,1,2025,1310,978,332,2026-03-27 22:04:35
天坛,0,全国,2025-09-25,日度,1,2025,1340,976,364,2026-03-27 22:04:35
天坛,0,全国,2025-09-26,日度,1,2025,1320,993,327,2026-03-27 22:04:35
天坛,0,全国,2025-09-27,日度,1,2025,1662,1431,231,2026-03-27 22:04:35
天坛,0,全国,2025-09-28,日度,1,2025,1418,1044,374,2026-03-27 22:04:35
天坛,0,全国,2025-09-29,日度,1,2025,1334,998,336,2026-03-27 22:04:35
天坛,0,全国,2025-09-30,日度,1,2025,1496,1164,332,2026-03-27 22:04:35
天坛,0,全国,2025-10-01,日度,1,2025,2882,2657,225,2026-03-27 22:04:35
天坛,0,全国,2025-10-02,日度,1,2025,2356,2161,195,2026-03-27 22:04:35
天坛,0,全国,2025-10-03,日度,1,2025,2461,2257,204,2026-03-27 22:04:35
天坛,0,全国,2025-10-04,日度,1,2025,2377,2208,169,2026-03-27 22:04:35
天坛,0,全国,2025-10-05,日度,1,2025,2153,1938,215,2026-03-27 22:04:35
天坛,0,全国,2025-10-06,日度,1,2025,1979,1764,215,2026-03-27 22:04:35
天坛,0,全国,2025-10-07,日度,1,2025,1923,1708,215,2026-03-27 22:04:35
天坛,0,全国,2025-10-08,日度,1,2025,1861,1605,256,2026-03-27 22:04:35
天坛,0,全国,2025-10-09,日度,1,2025,1200,919,281,2026-03-27 22:04:35
天坛,0,全国,2025-10-10,日度,1,2025,1139,910,229,2026-03-27 22:04:35
天坛,0,全国,2025-10-11,日度,1,2025,1161,936,225,2026-03-27 22:04:35
天坛,0,全国,2025-10-12,日度,1,2025,1185,988,197,2026-03-27 22:04:35
天坛,0,全国,2025-10-13,日度,1,2025,1219,932,287,2026-03-27 22:04:35
天坛,0,全国,2025-10-14,日度,1,2025,1243,961,282,2026-03-27 22:04:35
天坛,0,全国,2025-10-15,日度,1,2025,1272,949,323,2026-03-27 22:04:35
天坛,0,全国,2025-10-16,日度,1,2025,1215,934,281,2026-03-27 22:04:35
天坛,0,全国,2025-10-17,日度,1,2025,1193,925,268,2026-03-27 22:04:35
天坛,0,全国,2025-10-18,日度,1,2025,1165,995,170,2026-03-27 22:04:35
天坛,0,全国,2025-10-19,日度,1,2025,1233,1043,190,2026-03-27 22:04:35
天坛,0,全国,2025-10-20,日度,1,2025,1167,896,271,2026-03-27 22:04:35
天坛,0,全国,2025-10-21,日度,1,2025,1215,934,281,2026-03-27 22:04:35
天坛,0,全国,2025-10-22,日度,1,2025,1162,914,248,2026-03-27 22:04:35
天坛,0,全国,2025-10-23,日度,1,2025,1170,916,254,2026-03-27 22:04:35
天坛,0,全国,2025-10-24,日度,1,2025,1161,911,250,2026-03-27 22:04:35
天坛,0,全国,2025-10-25,日度,1,2025,1132,971,161,2026-03-27 22:04:35
天坛,0,全国,2025-10-26,日度,1,2025,1117,973,144,2026-03-27 22:04:35
天坛,0,全国,2025-10-27,日度,1,2025,1162,877,285,2026-03-27 22:04:35
天坛,0,全国,2025-10-28,日度,1,2025,1179,911,268,2026-03-27 22:04:35
天坛,0,全国,2025-10-29,日度,1,2025,1226,890,336,2026-03-27 22:04:35
天坛,0,全国,2025-10-30,日度,1,2025,1196,887,309,2026-03-27 22:04:35
天坛,0,全国,2025-10-31,日度,1,2025,1158,907,251,2026-03-27 22:04:35
天坛,0,全国,2025-11-01,日度,1,2025,1245,1061,184,2026-03-27 22:04:35
天坛,0,全国,2025-11-02,日度,1,2025,1173,975,198,2026-03-27 22:04:35
天坛,0,全国,2025-11-03,日度,1,2025,1152,878,274,2026-03-27 22:04:35
天坛,0,全国,2025-11-04,日度,1,2025,1189,910,279,2026-03-27 22:04:35
天坛,0,全国,2025-11-05,日度,1,2025,1191,889,302,2026-03-27 22:04:35
天坛,0,全国,2025-11-06,日度,1,2025,1151,878,273,2026-03-27 22:04:35
天坛,0,全国,2025-11-07,日度,1,2025,1123,878,245,2026-03-27 22:04:35
天坛,0,全国,2025-11-08,日度,1,2025,1126,956,170,2026-03-27 22:04:35
天坛,0,全国,2025-11-09,日度,1,2025,1118,967,151,2026-03-27 22:04:35
天坛,0,全国,2025-11-10,日度,1,2025,1137,880,257,2026-03-27 22:04:35
天坛,0,全国,2025-11-11,日度,1,2025,1156,891,265,2026-03-27 22:04:35
天坛,0,全国,2025-11-12,日度,1,2025,1184,927,257,2026-03-27 22:04:35
天坛,0,全国,2025-11-13,日度,1,2025,1212,919,293,2026-03-27 22:04:35
天坛,0,全国,2025-11-14,日度,1,2025,1154,926,228,2026-03-27 22:04:35
天坛,0,全国,2025-11-15,日度,1,2025,1167,991,176,2026-03-27 22:04:35
天坛,0,全国,2025-11-16,日度,1,2025,1080,925,155,2026-03-27 22:04:35
天坛,0,全国,2025-11-17,日度,1,2025,1102,857,245,2026-03-27 22:04:35
天坛,0,全国,2025-11-18,日度,1,2025,1152,895,257,2026-03-27 22:04:35
天坛,0,全国,2025-11-19,日度,1,2025,1131,888,243,2026-03-27 22:04:35
天坛,0,全国,2025-11-20,日度,1,2025,1139,896,243,2026-03-27 22:04:35
天坛,0,全国,2025-11-21,日度,1,2025,1118,885,233,2026-03-27 22:04:35
天坛,0,全国,2025-11-22,日度,1,2025,1102,930,172,2026-03-27 22:04:35
天坛,0,全国,2025-11-23,日度,1,2025,1136,961,175,2026-03-27 22:04:35
天坛,0,全国,2025-11-24,日度,1,2025,1210,869,341,2026-03-27 22:04:35
天坛,0,全国,2025-11-25,日度,1,2025,1171,897,274,2026-03-27 22:04:35
天坛,0,全国,2025-11-26,日度,1,2025,1221,892,329,2026-03-27 22:04:35
天坛,0,全国,2025-11-27,日度,1,2025,1161,904,257,2026-03-27 22:04:35
天坛,0,全国,2025-11-28,日度,1,2025,1133,880,253,2026-03-27 22:04:35
天坛,0,全国,2025-11-29,日度,1,2025,1081,899,182,2026-03-27 22:04:35
天坛,0,全国,2025-11-30,日度,1,2025,1046,892,154,2026-03-27 22:04:35
天坛,0,全国,2025-12-01,日度,1,2025,1160,886,274,2026-03-27 22:04:35
天坛,0,全国,2025-12-02,日度,1,2025,1142,885,257,2026-03-27 22:04:35
天坛,0,全国,2025-12-03,日度,1,2025,1167,869,298,2026-03-27 22:04:35
天坛,0,全国,2025-12-04,日度,1,2025,1095,882,213,2026-03-27 22:04:35
天坛,0,全国,2025-12-05,日度,1,2025,1084,866,218,2026-03-27 22:04:35
天坛,0,全国,2025-12-06,日度,1,2025,1054,908,146,2026-03-27 22:04:35
天坛,0,全国,2025-12-07,日度,1,2025,1079,909,170,2026-03-27 22:04:35
天坛,0,全国,2025-12-08,日度,1,2025,1110,874,236,2026-03-27 22:04:35
天坛,0,全国,2025-12-09,日度,1,2025,1159,899,260,2026-03-27 22:04:35
天坛,0,全国,2025-12-10,日度,1,2025,1166,882,284,2026-03-27 22:04:35
天坛,0,全国,2025-12-11,日度,1,2025,1115,870,245,2026-03-27 22:04:35
天坛,0,全国,2025-12-12,日度,1,2025,1157,901,256,2026-03-27 22:04:35
天坛,0,全国,2025-12-13,日度,1,2025,1127,948,179,2026-03-27 22:04:35
天坛,0,全国,2025-12-14,日度,1,2025,1095,934,161,2026-03-27 22:04:35
天坛,0,全国,2025-12-15,日度,1,2025,1111,860,251,2026-03-27 22:04:35
天坛,0,全国,2025-12-16,日度,1,2025,1077,862,215,2026-03-27 22:04:35
天坛,0,全国,2025-12-17,日度,1,2025,1064,862,202,2026-03-27 22:04:35
天坛,0,全国,2025-12-18,日度,1,2025,1068,843,225,2026-03-27 22:04:35
天坛,0,全国,2025-12-19,日度,1,2025,1042,819,223,2026-03-27 22:04:35
天坛,0,全国,2025-12-20,日度,1,2025,1003,874,129,2026-03-27 22:04:35
天坛,0,全国,2025-12-21,日度,1,2025,1052,908,144,2026-03-27 22:04:35
天坛,0,全国,2025-12-22,日度,1,2025,1067,851,216,2026-03-27 22:04:35
天坛,0,全国,2025-12-23,日度,1,2025,1027,779,248,2026-03-27 22:04:35
天坛,0,全国,2025-12-24,日度,1,2025,982,769,213,2026-03-27 22:04:35
天坛,0,全国,2025-12-25,日度,1,2025,1076,843,233,2026-03-27 22:04:35
天坛,0,全国,2025-12-26,日度,1,2025,1010,787,223,2026-03-27 22:04:35
天坛,0,全国,2025-12-27,日度,1,2025,1016,855,161,2026-03-27 22:04:35
天坛,0,全国,2025-12-28,日度,1,2025,1024,865,159,2026-03-27 22:04:35
天坛,0,全国,2025-12-29,日度,1,2025,932,724,208,2026-03-27 22:04:35
天坛,0,全国,2025-12-30,日度,1,2025,905,710,195,2026-03-27 22:04:35
天坛,0,全国,2025-12-31,日度,1,2025,973,775,198,2026-03-27 22:04:35
天坛,0,全国,2026-01-01,日度,1,2026,1064,952,112,2026-03-27 22:04:35
天坛,0,全国,2026-01-02,日度,1,2026,1082,942,140,2026-03-27 22:04:35
天坛,0,全国,2026-01-03,日度,1,2026,1059,901,158,2026-03-27 22:04:35
天坛,0,全国,2026-01-04,日度,1,2026,1017,795,222,2026-03-27 22:04:35
天坛,0,全国,2026-01-05,日度,1,2026,969,747,222,2026-03-27 22:04:35
天坛,0,全国,2026-01-06,日度,1,2026,1051,797,254,2026-03-27 22:04:35
天坛,0,全国,2026-01-07,日度,1,2026,1022,763,259,2026-03-27 22:04:35
天坛,0,全国,2026-01-08,日度,1,2026,1008,790,218,2026-03-27 22:04:35
天坛,0,全国,2026-01-09,日度,1,2026,977,765,212,2026-03-27 22:04:35
天坛,0,全国,2026-01-10,日度,1,2026,993,853,140,2026-03-27 22:04:35
天坛,0,全国,2026-01-11,日度,1,2026,996,857,139,2026-03-27 22:04:35
天坛,0,全国,2026-01-12,日度,1,2026,914,681,233,2026-03-27 22:04:35
天坛,0,全国,2026-01-13,日度,1,2026,970,719,251,2026-03-27 22:04:35
天坛,0,全国,2026-01-14,日度,1,2026,950,717,233,2026-03-27 22:04:35
天坛,0,全国,2026-01-15,日度,1,2026,987,756,231,2026-03-27 22:04:35
天坛,0,全国,2026-01-16,日度,1,2026,1005,787,218,2026-03-27 22:04:35
天坛,0,全国,2026-01-17,日度,1,2026,979,835,144,2026-03-27 22:04:35
天坛,0,全国,2026-01-18,日度,1,2026,1009,869,140,2026-03-27 22:04:35
天坛,0,全国,2026-01-19,日度,1,2026,898,689,209,2026-03-27 22:04:35
天坛,0,全国,2026-01-20,日度,1,2026,861,671,190,2026-03-27 22:04:35
天坛,0,全国,2026-01-21,日度,1,2026,870,677,193,2026-03-27 22:04:35
天坛,0,全国,2026-01-22,日度,1,2026,925,696,229,2026-03-27 22:04:35
天坛,0,全国,2026-01-23,日度,1,2026,871,691,180,2026-03-27 22:04:35
天坛,0,全国,2026-01-24,日度,1,2026,987,858,129,2026-03-27 22:04:35
天坛,0,全国,2026-01-25,日度,1,2026,960,846,114,2026-03-27 22:04:35
天坛,0,全国,2026-01-26,日度,1,2026,939,745,194,2026-03-27 22:04:35
天坛,0,全国,2026-01-27,日度,1,2026,955,761,194,2026-03-27 22:04:35
天坛,0,全国,2026-01-28,日度,1,2026,928,724,204,2026-03-27 22:04:35
天坛,0,全国,2026-01-29,日度,1,2026,922,729,193,2026-03-27 22:04:35
天坛,0,全国,2026-01-30,日度,1,2026,966,801,165,2026-03-27 22:04:35
天坛,0,全国,2026-01-31,日度,1,2026,1007,870,137,2026-03-27 22:04:35
